Filename,Exposure
5a9e_20141007_112848_533.jpg,0.3
62CL_20150214_164926_312.jpg,0.3
33TJ_20150820_131552_515.jpg,0.2
0543_20150918_175650_498.jpg,0.2
9bf4_20150818_173321_675.jpg,0.2
0132_20160917_184610_200.jpg,-1.0
1125_20151227_113913_016.jpg,0.9
4742_20150918_190218_179.jpg,0.5
0919_20150906_184851_086.jpg,1.0
0043_20160825_140952_589.jpg,0.2
6G7M_20150321_145055_658.jpg,0.2
1125_20151226_191756_471.jpg,0.4
c483_20150901_211303_855.jpg,-0.5
33TJ_20150820_190702_015.jpg,0.3
0039_20141009_180940_376.jpg,-0.4
0009_20160710_012512_616.jpg,0.9
4WBR_20150516_102323_659.jpg,-0.4
0039_20141006_211702_376.jpg,-0.6
0043_20160919_144540_754.jpg,-1.2
synthetic_ramp_night_motion_blur.jpg,1.2
6G7M_20150314_153413_862.jpg,0.2
1125_20151227_130056_371.jpg,1.0
0043_20161006_115852_803.jpg,0.4
synthetic_ramp_day_motion_blur.jpg,1.3
5a9e_20150403_204323_804.jpg,0.1
33TJ_20150626_105605_986.jpg,-0.2
0030_20160606_203631_099.jpg,0.3
6G7M_20150327_201310_442.jpg,-1.4
47L8_20150702_175214_581.jpg,0.3
0919_20150910_144948_483.jpg,0.2
J6VL_20150917_150743_926.jpg,0.3
0218_20141102_111848_251.jpg,0.4
0009_20160710_012547_321.jpg,0.9
0094_20150411_150138_791.jpg,0.2
5a9e_20141008_114756_961.jpg,0.6
0830_20151108_120154_222.jpg,0.4
0919_20150906_185211_320.jpg,0.8
0037_20160719_150917_418.jpg,-0.8
4WBR_20150524_114727_634.jpg,0.2
0043_20161005_162119_099.jpg,0.4
0043_20160826_121845_470.jpg,0.2
33TJ_20150810_190658_236.jpg,-0.4
6FHF_20150303_173036_965.jpg,-1.2
6G7M_20150321_133007_750.jpg,0.3
bee7_20150829_142209_889.jpg,-0.6
0094_20150412_165352_172.jpg,-0.6
0919_20150910_140753_043.jpg,-0.6
0047_20160531_113029_237.jpg,0.2
0009_20160702_131009_889.jpg,0.5
1125_20160306_143519_230.jpg,0.2
0043_20160919_140312_479.jpg,0.2
6FHF_20150307_151040_297.jpg,0.5
6G7M_20150307_143446_533.jpg,0.3
0043_20160917_163637_441.jpg,-0.1
0039_20141008_120400_718.jpg,0.5
1125_20151229_165317_157.jpg,-0.8
0155_20160901_152403_722.jpg,-0.4
0043_20161006_125402_312.jpg,0.6
4WBR_20150508_201246_775.jpg,0.4
4KK2_20150905_191448_226.jpg,-0.3
4WBR_20150524_144019_752.jpg,0.6
0155_20160904_131526_302.jpg,0.2
c1b1_20150312_132521_894.jpg,0.8
J6VL_20150312_142943_533.jpg,0.4
0030_20151006_135703_479.jpg,0.3
0039_20141009_184915_376.jpg,-0.3
0543_20150918_143723_450.jpg,-0.2
33TJ_20150811_112834_567.jpg,0.7
4KK2_20150829_160844_683.jpg,-0.9
0543_20150918_202017_556.jpg,-1.2
0155_20160820_184935_155.jpg,-0.4
0030_20151024_233532_183.jpg,-0.8
0039_20141010_173130_425.jpg,1.0
6G7M_20150404_132319_709.jpg,-0.6
5066_20160518_132319_543.jpg,-0.3
1125_20151229_175651_711.jpg,-0.5
6FHF_20150303_164845_193.jpg,-0.9
33TJ_20150811_102341_844.jpg,0.6
0089_19700124_130931_146.jpg,0.1
0043_20160830_192429_687.jpg,0.2
J6ZC_20150408_180019_950.jpg,0.4
5066_20160726_082558_304.jpg,0.3
0009_20160709_211347_844.jpg,0.2
0030_20151008_105236_560.jpg,0.2
0382_20150919_125432_797.jpg,-1.8
0155_20160902_154023_895.jpg,0.4
5066_20160721_161940_595.jpg,0.3
0155_20160924_135314_391.jpg,-0.8
4WBR_20150503_180007_325.jpg,0.5
0039_20141010_164120_414.jpg,0.6
0094_20150412_173029_166.jpg,-1.0
6FHF_20150303_113244_343.jpg,-0.4
0272_20151216_002752_347.jpg,-1.4
0043_20160825_111559_640.jpg,-0.6
0382_20150912_115650_161.jpg,0.2
4KK2_20150906_172222_214.jpg,0.2
6G7M_20150328_160857_193.jpg,0.4
6FHF_20150331_115414_118.jpg,-0.6
1125_20160306_143858_635.jpg,0.5
0043_20160827_142051_033.jpg,0.5
0919_20150910_143325_345.jpg,-0.6
1125_20160312_153122_217.jpg,1.1
6G7M_20150411_132109_651.jpg,0.6
1125_20151220_163141_503.jpg,0.2
0043_20161006_104405_361.jpg,0.1
0043_20160915_125854_576.jpg,-2.8
4WBR_20150502_191337_534.jpg,0.2
0155_20160731_130456_679.jpg,0.2
0043_20160825_150312_044.jpg,-0.4
33TJ_20150622_204501_265.jpg,0.2
0155_20160810_202540_250.jpg,-1.6
0830_20151031_125809_546.jpg,-0.4
0006_20160726_142655_865.jpg,-0.6
0006_20160723_152642_719.jpg,0.8
0155_20160805_140239_132.jpg,-0.1
J6VL_20150918_192103_952.jpg,0.3
0155_20160926_222451_875.jpg,0.6
0155_20160910_225017_784.jpg,-0.8
6G7M_20150328_170257_917.jpg,0.4
33TJ_20150619_210528_151.jpg,-1.0
0043_20161006_122159_376.jpg,0.2
0244_20151010_161149_870.jpg,-0.4
33TJ_20150606_184929_980.jpg,0.6
0089_20160701_142804_188.jpg,-0.6
0830_20151031_125445_996.jpg,-1.4
0272_20151216_000543_492.jpg,-2.2
0218_20141031_190904_815.jpg,-0.8
0830_20151121_162807_751.jpg,0.2
5066_20160723_072451_787.jpg,0.2
0830_19691231_164108_721.jpg,0.2
c483_20150901_203701_715.jpg,-0.2
0043_20160825_133638_761.jpg,-0.4
c483_20150901_211258_521.jpg,-0.5
5a9e_20150328_160520_398.jpg,0.3
33TJ_20150812_111500_983.jpg,0.2
0382_20150919_131943_962.jpg,-0.6
0127_20161112_144811_336.jpg,0.2
4KK2_20150808_181651_517.jpg,0.5
33TJ_20150822_182804_460.jpg,-0.5
0155_20160903_105947_751.jpg,0.2
4KK2_20150906_125359_376.jpg,0.2
bee7_20150818_161852_215.jpg,0.4
33TJ_20150723_165156_097.jpg,-0.7
0155_20160922_171111_858.jpg,-0.8
33TJ_20150811_123322_522.jpg,0.5
1125_20151215_135205_782.jpg,-0.4
6G7M_20150415_135540_793.jpg,0.2
0030_20151217_215052_346.jpg,-2.5
5066_20160215_125534_503.jpg,-0.4
1125_20151229_161928_486.jpg,-0.2
6G7M_20150403_165918_589.jpg,0.4
0043_20161022_150547_873.jpg,0.2
4WBR_20150502_134646_149.jpg,0.2
5066_20160722_100835_089.jpg,0.3
0919_20150906_174035_769.jpg,0.2
6G7M_20150411_122934_265.jpg,0.2
5a9e_20141006_101403_693.jpg,0.8
33TJ_20150612_210346_983.jpg,-0.6
0094_20150412_140748_786.jpg,-1.2
J6VL_20150312_153543_764.jpg,1.3
c483_20150901_214630_530.jpg,-0.4
6G7M_20150325_221823_719.jpg,-0.8
0919_20150910_144305_624.jpg,-0.8
1125_20151229_185037_826.jpg,-3.0
J6ZC_20150408_154545_287.jpg,0.2
0155_20160903_113710_008.jpg,0.4
1125_20151227_131916_499.jpg,0.4
5a9e_20141007_153648_603.jpg,0.4
47L8_20150503_152014_895.jpg,-1.8
33TJ_20150723_184353_374.jpg,0.1
0919_20150906_171708_082.jpg,0.2
6FHF_20150307_141508_553.jpg,0.5
0089_20160630_163712_177.jpg,-0.6
6G7M_20150325_113148_621.jpg,0.5
5a9e_20141005_170016_197.jpg,0.4
5066_20160701_171010_119.jpg,0.4
62CL_20150215_175214_360.jpg,0.2
0006_20160728_123358_131.jpg,0.4
0155_20160923_180141_698.jpg,0.2
33TJ_20150625_053111_880.jpg,-0.3
JN34_20150327_203236_994.jpg,-1.4
6G7M_20150403_181052_205.jpg,-0.6
0037_20160716_115431_733.jpg,-0.4
0043_20161028_140736_543.jpg,-0.8
0006_20160726_110531_321.jpg,0.5
0244_20151011_124502_720.jpg,0.2
0830_20151114_103117_807.jpg,-0.2
0543_20150918_201451_971.jpg,-1.2
5a9e_20150328_181242_803.jpg,0.3
6FHF_20150303_171921_658.jpg,0.4
c1b1_20150109_171200_810.jpg,0.1
1125_20151229_174349_624.jpg,-0.5
0043_20161006_151109_147.jpg,0.1
1125_20151221_090634_511.jpg,-0.2
0155_20160808_085602_047.jpg,-0.6
6G7M_20150307_163944_816.jpg,0.6
4WBR_20150502_154127_941.jpg,0.8
33TJ_20150607_135314_784.jpg,-0.1
33TJ_20150616_172824_508.jpg,-0.2
9bf4_20150818_174036_006.jpg,0.2
0043_20161005_160729_674.jpg,0.2
33TJ_20150810_170816_237.jpg,0.2
33TJ_20150723_180512_923.jpg,-0.4
0030_20151008_105249_589.jpg,0.6
1125_20151225_165249_517.jpg,-1.0
0043_20160825_150703_899.jpg,0.4
0155_20160904_112248_837.jpg,-0.2
1125_20151229_160951_504.jpg,-0.4
5a9e_20150404_130410_192.jpg,-0.6
0006_20160726_105940_076.jpg,0.5
0009_20160712_111830_031.jpg,0.6
5a9e_20141006_105630_549.jpg,0.8
33TJ_20150626_160944_379.jpg,-0.3
bee7_20150817_234050_879.jpg,-0.3
0543_20150918_073104_413.jpg,0.3
1125_20151229_131116_039.jpg,0.1
0382_20150913_114601_085.jpg,0.2
0039_20141008_114221_398.jpg,0.4
bee7_20150829_150230_285.jpg,0.4
J6VL_20150312_143053_529.jpg,0.4
33TJ_20150819_103225_547.jpg,0.3
0030_20151024_221936_582.jpg,0.1
0039_20141010_073849_587.jpg,-0.4
0094_20150412_172623_456.jpg,-1.0
33TJ_20150819_103115_707.jpg,0.4
33TJ_20150730_201556_385.jpg,-0.6
5a9e_20150327_201029_284.jpg,-1.4
4WBR_20150505_170028_708.jpg,0.2
5a9e_20141007_135000_213.jpg,0.5
0043_20160921_140404_050.jpg,-0.4
bee7_20150829_150348_372.jpg,-0.5
0030_20151007_201116_085.jpg,0.2
5a9e_20150328_155745_456.jpg,-0.4
0006_20160726_125051_611.jpg,0.4
0043_20161005_212218_954.jpg,-2.8
6G7M_20150412_172559_820.jpg,0.5
JN34_20150324_144437_178.jpg,0.2
6G7M_20150404_121844_208.jpg,-0.3
6G7M_20150404_001349_892.jpg,-0.6
0037_20160719_153543_120.jpg,-0.4
0039_20141007_134924_074.jpg,-0.2
6G7M_20150307_132809_521.jpg,0.6
6G7M_20150324_215121_390.jpg,0.3
6G7M_20150411_155608_246.jpg,0.3
4742_20150918_101516_305.jpg,-0.3
0030_20151007_194010_811.jpg,-0.1
4742_20150918_130550_587.jpg,0.4
0043_20160825_104736_913.jpg,0.2
0037_20160716_100814_348.jpg,0.4
0043_20160826_124917_181.jpg,0.6
0030_20151119_143111_229.jpg,-0.6
0155_20160831_142533_544.jpg,-0.4
1125_20151220_173306_708.jpg,0.3
5a9e_20150403_125941_989.jpg,-0.2
6G7M_20150411_160002_625.jpg,0.5
0006_20160721_191305_635.jpg,0.4
0006_20160728_123512_206.jpg,0.8
33TJ_20150722_191744_245.jpg,-0.4
6G7M_20150411_125448_583.jpg,0.3
4KK2_20150829_141153_058.jpg,0.3
6G7M_20150409_224902_070.jpg,0.4
4WBR_20150502_131730_700.jpg,0.2
4WBR_20150428_185814_252.jpg,-0.2
J6ZC_20150408_151305_158.jpg,-0.4
1125_20151225_192109_627.jpg,0.4
0830_20151031_154248_981.jpg,0.4
0039_20141008_123906_522.jpg,0.3
0039_20141008_195103_493.jpg,-2.0
1125_20151220_180200_545.jpg,-0.4
1125_20151226_191743_445.jpg,0.3
0047_20160531_115537_806.jpg,-0.6
5a9e_20141006_144226_328.jpg,0.8
4KK2_20150910_145015_541.jpg,0.2
6G7M_20150404_095958_732.jpg,0.3
33TJ_20150811_114622_199.jpg,1.2
33TJ_20150810_191223_224.jpg,-0.3
5a9e_20150403_152908_281.jpg,0.6
1125_20160317_163246_565.jpg,-1.6
4KK2_20150814_174706_295.jpg,-1.0
33TJ_20150626_104142_520.jpg,0.5
0830_20151031_153340_397.jpg,-1.3
0043_20160917_163729_020.jpg,-0.2
1125_20151220_162111_037.jpg,0.2
0037_20160719_130741_211.jpg,-0.4
0009_20160702_114557_029.jpg,0.8
bee7_20150818_162155_195.jpg,0.4
4WBR_20150502_154340_499.jpg,0.2
0272_20160515_091840_188.jpg,0.2
5066_20160417_143756_390.jpg,0.4
0037_20160719_131730_849.jpg,-0.8
6G7M_20150404_180115_918.jpg,0.8
4WBR_20150508_201057_964.jpg,-1.4
0006_20160722_155508_423.jpg,-0.5
6FHF_20150303_164714_796.jpg,-0.9
0006_20160722_115012_899.jpg,0.4
0919_20150906_125058_289.jpg,0.3
bee7_20150829_124513_068.jpg,0.9
0382_20150924_092254_622.jpg,-0.6
0043_20160921_135949_147.jpg,0.2
0039_20141006_162720_568.jpg,0.8
c483_20150901_114928_608.jpg,-1.0
0039_20141007_191919_820.jpg,-0.8
0006_20160727_173422_983.jpg,-0.7
0030_20160606_173236_219.jpg,0.2
1125_20151219_151921_064.jpg,-0.6
0155_20160904_140538_128.jpg,-0.6
0218_20150327_012506_726.jpg,-0.2
J6ZC_20150408_175702_260.jpg,0.3
0155_20160903_183456_402.jpg,-0.4
0080_20141031_200041_774.jpg,-1.0
0039_20141009_185106_042.jpg,-0.3
5a9e_20150404_140239_861.jpg,-0.4
0382_20150924_095526_497.jpg,-0.6
6G7M_20150411_180814_070.jpg,0.5
c1b1_20150424_183828_728.jpg,-0.2
5a9e_20150208_145502_285.jpg,1.0
bee7_20150829_144816_359.jpg,0.2
6FHF_20150303_142316_761.jpg,-1.2
c1b1_20150408_202135_998.jpg,0.2
33TJ_20150612_205903_877.jpg,-0.2
1125_20151225_165419_371.jpg,-0.6
0919_20150906_191352_725.jpg,0.4
c1b1_20150311_195156_050.jpg,0.1
0155_20160903_185256_985.jpg,-1.0
0127_20161022_165748_305.jpg,0.1
bee7_20150818_111842_538.jpg,-0.3
33TJ_20150729_154124_047.jpg,0.4
33TJ_20150607_025432_064.jpg,-1.2
1125_20151225_183410_591.jpg,0.2
0094_20150412_111030_898.jpg,-0.2
4W8F_20150424_193616_341.jpg,-0.2
0043_20160920_121735_943.jpg,-0.6
0039_20141006_153408_319.jpg,-0.4
0043_20161007_135610_673.jpg,0.3
5a9e_20141006_162905_128.jpg,0.6
0382_20150924_100641_930.jpg,-0.6
4KK2_20150910_144054_866.jpg,0.3
5066_20160724_155556_409.jpg,0.6
bee7_20150829_111847_392.jpg,0.4
4KK2_20150822_120538_893.jpg,-0.4
0030_20151217_221638_353.jpg,-1.8
0830_20151127_143235_950.jpg,-0.6
0039_20141009_173723_663.jpg,-0.5
0039_20141009_173824_504.jpg,-0.3
0919_20150906_184143_187.jpg,0.4
0037_20160717_180304_398.jpg,-1.2
0919_20150905_213447_342.jpg,0.4
0919_20150906_133005_115.jpg,0.4
6G7M_20150308_143934_547.jpg,0.4
33TJ_20150612_121651_550.jpg,0.8
0043_20160917_141239_302.jpg,-0.6
62CL_20150124_185418_341.jpg,0.2
6G7M_20150314_155841_086.jpg,0.3
6G7M_20150418_235232_346.jpg,-2.8
0919_20150906_190144_004.jpg,0.5
0919_20150907_124904_805.jpg,-1.8
0830_20151031_153733_575.jpg,-0.6
0919_20150906_191500_143.jpg,0.2
0009_20160710_004036_294.jpg,0.7
6G7M_20150421_121002_835.jpg,0.3
0127_20161105_171003_663.jpg,0.2
0127_20161023_104214_390.jpg,0.3
0039_20141007_192253_786.jpg,-0.6
33TJ_20150811_102419_462.jpg,0.3
0037_20160716_140647_567.jpg,0.6
5a9e_20141005_162924_939.jpg,0.4
c1b1_20150408_153305_211.jpg,-0.7
0037_20160719_132037_014.jpg,0.4
6G7M_20150321_121515_830.jpg,0.1
5066_20160628_183724_137.jpg,0.2
1125_20151231_172516_515.jpg,0.5
4WBR_20150502_175716_985.jpg,0.5
0043_20161006_165929_370.jpg,-0.4
33TJ_20150822_185205_562.jpg,-1.0
6G7M_20150328_182656_004.jpg,0.1
5a9e_20141007_191844_368.jpg,-0.5
0039_20141009_083549_969.jpg,0.2
5066_20160418_191437_208.jpg,0.2
0039_20141007_133820_494.jpg,-0.2
0037_20160719_131434_981.jpg,-0.4
33TJ_20150616_172725_159.jpg,-0.4
0030_20151217_222336_172.jpg,-1.4
4KK2_20150718_150425_654.jpg,0.4
J6ZC_20150408_154219_992.jpg,-1.3
0543_20150919_145734_887.jpg,0.1
0039_20141006_113748_822.jpg,0.2
0919_20150910_141523_164.jpg,-0.8
6G7M_20150328_154406_315.jpg,1.2
0047_20160605_135106_411.jpg,0.4
4KK2_20150910_141912_027.jpg,-0.5
5a9e_20150327_201603_609.jpg,-3.2
1125_20151226_121256_101.jpg,0.4
1125_20151219_152509_635.jpg,-0.6
4KK2_20150808_192604_134.jpg,0.3
4742_20150918_185708_041.jpg,0.5
0272_20151216_000345_878.jpg,-2.0
0063_20160727_121506_937.jpg,-2.6
0543_20150917_124837_951.jpg,0.4
33TJ_20150612_134426_224.jpg,0.2
0127_20161023_104154_148.jpg,0.4
0030_20151007_174253_196.jpg,0.6
33TJ_20150822_185316_793.jpg,-1.2
1125_20151222_141945_027.jpg,0.4
0043_20161007_161213_761.jpg,0.2
33TJ_20150810_140518_848.jpg,1.4
5a9e_20141006_113801_091.jpg,0.6
5a9e_20150403_155605_402.jpg,-1.2
0030_20151111_114556_492.jpg,-0.3
0218_20150326_021049_796.jpg,-0.3
4KK2_20150910_142835_890.jpg,0.2
4KK2_20150829_124726_096.jpg,-0.2
33TJ_20150612_194034_873.jpg,0.6
4KK2_20150906_174428_830.jpg,-0.3
0919_20150906_182305_124.jpg,0.2
5a9e_20150403_151320_582.jpg,0.3
JN34_20150319_221026_313.jpg,-1.1
33TJ_20150613_085607_701.jpg,0.1
6G7M_20150328_165011_650.jpg,0.4
4KK2_20150910_151036_908.jpg,-1.0
0006_20160727_200154_366.jpg,0.4
5066_20151224_232006_666.jpg,-1.6
1125_20160317_214721_394.jpg,-2.8
1125_20151229_171922_199.jpg,-0.4
4WBR_20150507_195443_556.jpg,0.2
0543_20150918_072847_661.jpg,-0.5
0543_20150917_155231_357.jpg,-0.6
33TJ_20150626_160142_508.jpg,-1.1
5a9e_20141009_122750_726.jpg,0.6
4742_20150918_193126_861.jpg,0.4
6FHF_20150303_170922_780.jpg,0.1
0919_20150904_144503_108.jpg,0.4
47L8_20150515_220108_455.jpg,-1.6
0919_20150906_184900_402.jpg,1.0
c1b1_20150222_151204_652.jpg,-0.5
1125_20151229_202324_603.jpg,-0.4
33TJ_20150703_122428_806.jpg,0.2
6FHF_20150307_153729_697.jpg,0.3
0155_20160730_151345_189.jpg,-0.1
0039_20141007_192430_456.jpg,-0.6
33TJ_20150621_131620_657.jpg,-0.2
0272_20151216_001137_537.jpg,-1.2
6G7M_20150328_172441_800.jpg,0.4
1125_20151229_183345_084.jpg,-0.4
4KK2_20150807_163851_281.jpg,0.3
1125_20160318_132547_073.jpg,0.8
0030_20151008_090027_456.jpg,-0.4
0155_20160831_125638_155.jpg,-0.4
bee7_20150829_145230_537.jpg,0.8
0094_20150412_162731_742.jpg,0.2
5a9e_20141010_173648_475.jpg,1.0
0543_20150918_182219_866.jpg,0.2
0043_20161006_101806_692.jpg,0.2
6G7M_20150325_090049_757.jpg,0.2
5a9e_20141006_105302_855.jpg,0.6
1125_20151230_113211_107.jpg,-0.4
0039_20141009_145444_968.jpg,0.4
0043_20160826_121158_631.jpg,0.6
6G7M_20150307_133145_646.jpg,-0.3
0127_20161112_171842_348.jpg,-0.2
0272_20160325_145743_489.jpg,-0.8
6G7M_20150325_090754_257.jpg,-0.2
0039_20141009_163918_553.jpg,0.2
33TJ_20150615_182457_977.jpg,0.5
0043_20161006_153001_303.jpg,0.4
4KK2_20150718_144430_792.jpg,0.4
0039_20141006_163016_653.jpg,-0.6
0009_20160702_084324_690.jpg,0.8
1125_20151220_210945_932.jpg,-1.2
4KK2_20150829_155420_276.jpg,0.2
0043_20161031_193151_078.jpg,-1.2
0006_20160727_191314_404.jpg,0.8
6G7M_20150325_090410_124.jpg,0.6
6G7M_20150415_195748_820.jpg,-0.3
9bf4_20150818_111552_348.jpg,-0.4
6G7M_20150321_153108_835.jpg,0.2
0155_20160917_114717_139.jpg,-0.3
6G7M_20150307_163253_873.jpg,0.5
4WBR_20150524_124106_946.jpg,0.1
6G7M_20150412_173215_041.jpg,0.3
4KK2_20150829_151817_672.jpg,-0.4
47L8_20150430_114235_087.jpg,0.3
33TJ_20150723_183854_470.jpg,0.2
5a9e_20141005_142118_633.jpg,0.6
0132_20160814_104731_248.jpg,-0.2
0039_20141007_173853_409.jpg,0.2
5066_20151225_192311_774.jpg,-1.1
4KK2_20150912_115802_420.jpg,0.3
0039_20141005_130438_317.jpg,-1.2
9bf4_20150818_172135_462.jpg,-1.5
0919_20150906_172151_118.jpg,0.3
33TJ_20150811_123233_891.jpg,0.5
0155_20160813_120604_801.jpg,-1.2
0382_20150924_095225_428.jpg,-0.8
synthetic_lines_night.jpg,1.8
0043_20160917_173204_709.jpg,-0.8
0543_20150919_083609_951.jpg,-0.8
0919_20150906_131434_544.jpg,0.6
9bf4_20150818_121443_250.jpg,-0.4
0830_20151122_123328_897.jpg,-0.4
5066_20160416_144413_753.jpg,0.2
5a9e_20141007_065940_018.jpg,0.4
5066_20160721_175313_291.jpg,0.2
6G7M_20150311_224124_637.jpg,0.2
0047_20160609_110125_873.jpg,-0.6
0039_20141010_144402_256.jpg,-0.4
1125_20151229_151559_556.jpg,-0.3
33TJ_20150823_212358_688.jpg,-1.6
4WBR_20150508_202211_762.jpg,0.3
0244_20151010_145620_723.jpg,-0.4
0155_20160911_125915_817.jpg,0.1
5066_20160722_163620_959.jpg,-0.4
1125_20160318_221831_805.jpg,0.2
33TJ_20150820_172914_340.jpg,0.6
0919_20150905_181212_816.jpg,0.4
33TJ_20150819_114221_322.jpg,0.4
0830_20151121_153553_803.jpg,-0.4
0155_20160901_174750_686.jpg,0.4
4KK2_20150912_122931_738.jpg,-1.5
0543_20150918_185854_904.jpg,-1.0
1125_20151231_133330_753.jpg,-0.3
0382_20150924_101836_290.jpg,-2.6
0030_20151121_161556_439.jpg,0.5
9bf4_20150824_210544_967.jpg,-0.6
JN34_20150328_181028_350.jpg,0.7
0155_20160927_212215_191.jpg,-0.2
47L8_20150503_162516_307.jpg,0.3
4KK2_20150822_215204_476.jpg,0.4
0009_20160709_213606_950.jpg,-1.0
1125_20151215_135840_593.jpg,-0.6
0030_20151217_151026_587.jpg,-0.6
JN34_20150324_145544_208.jpg,1.1
33TJ_20150729_165511_439.jpg,0.2
0919_20150906_192946_673.jpg,0.3
0127_20161022_141159_562.jpg,-1.6
1125_20151201_114737_108.jpg,-1.2
0830_20151031_125523_132.jpg,-0.5
1125_20151220_173852_561.jpg,0.2
1125_20151229_153229_619.jpg,0.2
0830_20151115_130608_982.jpg,-0.6
33TJ_20150612_205759_096.jpg,0.1
33TJ_20150612_195649_731.jpg,0.2
0155_20160904_131908_306.jpg,-0.3
5a9e_20150327_201728_297.jpg,-3.2
0919_20150906_191840_650.jpg,0.5
0244_20151010_111730_480.jpg,-1.2
0043_20160825_193156_010.jpg,0.4
0043_20160919_143149_834.jpg,0.2
0006_20160723_111809_582.jpg,0.5
0543_20150917_130611_174.jpg,-0.3
5066_20160629_090221_633.jpg,0.4
0830_20151127_165304_315.jpg,-0.6
4WBR_20150502_165900_869.jpg,0.4
0030_20151213_150700_059.jpg,-2.0
0155_20160927_140404_307.jpg,-0.8
6G7M_20150328_171441_639.jpg,0.1
0919_20150905_181257_935.jpg,0.4
0382_20150921_112933_077.jpg,0.2
0030_20151217_215410_377.jpg,-2.2
1125_20151229_151754_385.jpg,-0.3
33TJ_20150613_162325_651.jpg,0.2
9bf4_20150818_120602_030.jpg,-0.3
0047_20160531_120143_508.jpg,0.2
5066_20160726_113408_550.jpg,0.2
0543_20150918_162658_166.jpg,0.2
c483_20150901_110644_015.jpg,0.4
0382_20150924_100630_078.jpg,-0.8
0037_20160717_131344_382.jpg,0.6
4742_20150918_192457_161.jpg,0.4
0043_20161006_111010_465.jpg,-0.2
0919_20150906_174356_665.jpg,-0.3
0039_20141008_154109_899.jpg,0.6
0543_20150918_154839_927.jpg,0.1
6G7M_20150321_133255_034.jpg,0.4
6G7M_20150325_105827_075.jpg,0.3
0043_20161007_120906_399.jpg,0.2
6G7M_20150307_175028_814.jpg,0.2
0919_20150906_133950_719.jpg,0.1
6G7M_20150307_122748_543.jpg,-0.2
6G7M_20150411_132343_820.jpg,0.4
33TJ_20150801_000023_911.jpg,-1.5
33TJ_20150820_124918_736.jpg,0.3
0830_20151107_170445_734.jpg,-2.4
0543_20150917_111427_139.jpg,-1.3
47L8_20150630_161133_220.jpg,0.2
4KK2_20150910_144326_564.jpg,-0.6
0830_20151121_172649_183.jpg,-0.4
0382_20150916_201424_956.jpg,-0.6
bee7_20150818_120642_572.jpg,-0.4
0155_20160927_144914_850.jpg,0.1
0043_20160830_112743_395.jpg,0.2
0037_20160717_152435_886.jpg,0.8
47L8_20150630_161003_245.jpg,0.2
6FHF_20150303_114209_331.jpg,-0.5
1125_20151226_215007_161.jpg,-0.4
0127_20161112_151428_913.jpg,-0.8
6G7M_20150314_102852_667.jpg,0.2
6G7M_20150307_163516_360.jpg,0.3
0094_20150412_180524_167.jpg,0.2
33TJ_20150820_125849_522.jpg,-1.2
0043_20160830_194801_573.jpg,-0.6
33TJ_20150810_194539_918.jpg,0.3
0039_20141007_155102_668.jpg,-0.3
0043_20160829_185205_874.jpg,0.2
1125_20151227_114129_771.jpg,0.7
0919_20150906_175407_694.jpg,-0.2
1125_20151230_210455_964.jpg,-0.5
1125_20151229_151515_415.jpg,-0.4
5066_20160413_173622_481.jpg,0.6
6G7M_20150307_133443_316.jpg,0.2
6G7M_20150321_130156_946.jpg,0.2
1125_20151227_131557_808.jpg,0.6
6G7M_20150410_063210_560.jpg,0.4
0037_20160719_122328_612.jpg,0.6
0272_20151216_002747_983.jpg,-1.2
0043_20160827_171946_186.jpg,0.2
0919_20150905_182233_099.jpg,0.2
0830_20151107_165932_138.jpg,-2.4
33TJ_20150721_180424_666.jpg,0.4
33TJ_20150606_203618_822.jpg,0.4
4742_20150918_130727_558.jpg,-1.8
J6VL_20150312_193013_027.jpg,-0.7
0006_20160726_105942_902.jpg,0.5
1125_20151201_115648_967.jpg,-1.2
1125_20151226_124804_079.jpg,-0.5
4WBR_20150510_212854_171.jpg,0.4
0382_20150913_114822_649.jpg,0.2
6FHF_20150303_171126_029.jpg,0.2
33TJ_20150820_133817_252.jpg,0.2
33TJ_20150706_151648_523.jpg,0.2
1125_20151228_161237_011.jpg,0.2
J6ZC_20150408_151616_258.jpg,0.6
bee7_20150817_233032_922.jpg,-0.6
4KK2_20150823_124155_551.jpg,0.5
0039_20141010_181155_937.jpg,0.8
0043_20160923_195823_403.jpg,-1.2
1125_20151227_174838_644.jpg,0.5
0039_20141006_213459_384.jpg,-0.4
0155_20160904_145926_141.jpg,0.2
0043_20160917_133110_426.jpg,0.4
0006_20160726_125140_261.jpg,0.4
1125_20151222_143208_329.jpg,0.4
0919_20150906_173110_784.jpg,-1.0
6FHF_20150303_115249_673.jpg,-0.8
0155_20160808_091643_713.jpg,0.2
0043_20160829_193337_868.jpg,0.2
4KK2_20150910_145708_024.jpg,-0.3
33TJ_20150819_181750_457.jpg,0.1
0039_20141010_172450_374.jpg,1.0
4KK2_20150905_163455_124.jpg,0.3
1125_20151225_175446_536.jpg,0.6
6G7M_20150328_160326_861.jpg,-1.0
5066_20160416_100212_436.jpg,0.1
47L8_20150630_190104_777.jpg,0.3
0155_20160805_140229_662.jpg,-0.1
1125_20151227_114556_700.jpg,1.1
5a9e_20150403_180709_560.jpg,-0.6
33TJ_20150606_190137_156.jpg,0.6
6G7M_20150411_122218_768.jpg,0.2
6G7M_20150325_113322_882.jpg,0.4
c483_20150901_221141_886.jpg,-0.3
33TJ_20150628_215123_529.jpg,-0.6
4KK2_20150829_114436_968.jpg,-0.3
0039_20141007_153146_322.jpg,-0.3
0039_20141009_144608_569.jpg,-0.6
0155_20160910_232602_578.jpg,-1.0
0043_20160825_173826_969.jpg,0.2
6G7M_20150404_110815_486.jpg,0.2
0043_20160917_133219_156.jpg,-0.8
6G7M_20150409_065235_624.jpg,0.4
9bf4_20150818_171611_533.jpg,0.5
bee7_20150818_173406_968.jpg,0.2
4742_20150918_130524_746.jpg,-1.9
1125_20151223_141017_447.jpg,0.3
0043_20160917_172840_165.jpg,0.2
0043_20160830_192337_566.jpg,0.2
4KK2_20150822_191746_491.jpg,0.2
0382_20150912_131448_643.jpg,0.2
0830_20151114_103448_069.jpg,-0.1
0039_20141008_182330_005.jpg,-0.2
c483_20150901_195108_436.jpg,-0.3
6G7M_20150403_151957_266.jpg,0.2
4WBR_20150503_170415_316.jpg,0.3
4KK2_20150829_163749_414.jpg,0.1
4742_20150918_192532_826.jpg,-1.0
33TJ_20150727_184502_921.jpg,0.2
0080_20141031_192233_796.jpg,-1.8
0272_20151216_000440_169.jpg,-2.2
0244_20151010_132649_689.jpg,0.2
5a9e_20141007_151031_423.jpg,0.8
0039_20141009_183044_782.jpg,-0.2
c1b1_20150408_154240_395.jpg,-1.4
0006_20160723_152646_337.jpg,1.0
0830_20151127_164742_517.jpg,0.2
0080_20141031_194055_727.jpg,-1.4
0919_19700101_013023_920.jpg,0.4
0155_20160903_161828_746.jpg,0.2
0043_20161002_163715_672.jpg,-0.6
33TJ_20150811_142953_575.jpg,0.5
9bf4_20150818_174651_354.jpg,0.3
J6ZC_20150408_152248_511.jpg,-0.3
4KK2_20150822_111058_087.jpg,-1.0
33TJ_20150720_212543_415.jpg,-1.4
4KK2_20150910_150520_647.jpg,-1.2
47L8_20150513_164258_694.jpg,0.2
5066_20151225_022717_861.jpg,-1.4
4KK2_20150907_115116_975.jpg,-0.8
1125_20151230_130935_484.jpg,-0.9
6G7M_20150403_161201_007.jpg,-0.5
4KK2_20150823_152106_985.jpg,-0.3
6G7M_20150411_185852_060.jpg,0.4
0830_20151121_134752_742.jpg,-0.6
0919_20150905_153339_972.jpg,0.4
4W8F_20150424_192727_856.jpg,0.2
0543_20150918_131444_816.jpg,0.3
0543_20150918_175726_838.jpg,0.2
0244_20151010_145415_361.jpg,-0.4
J6VL_20150312_143810_432.jpg,0.8
bee7_20150818_173835_771.jpg,0.1
6G7M_20150323_175101_950.jpg,0.4
33TJ_20150702_142711_550.jpg,0.2
0032_20160705_172236_686.jpg,0.4
1125_20151222_155924_664.jpg,0.1
0382_20150916_195239_553.jpg,0.1
1125_20151223_130756_184.jpg,0.3
0127_20161104_045104_695.jpg,-0.3
4WBR_20150503_172044_752.jpg,0.4
5a9e_20141007_112925_563.jpg,0.7
0919_20150906_190522_585.jpg,0.5
6G7M_20150328_192124_979.jpg,-0.6
0543_20150918_072823_280.jpg,-0.4
0382_20150919_131054_676.jpg,-1.0
0037_20160717_174150_381.jpg,0.1
0543_20150917_150633_406.jpg,0.1
1125_20151229_114547_015.jpg,-0.3
0043_20160917_060330_349.jpg,-0.2
1125_20151221_104509_344.jpg,0.8
5066_20160519_143910_739.jpg,0.2
0043_20160919_140921_497.jpg,-1.2
6G7M_20150404_105554_846.jpg,0.3
1125_20151228_161305_570.jpg,0.4
bee7_20150818_111032_862.jpg,0.4
c1b1_20150424_191810_374.jpg,0.3
0244_20151010_104658_792.jpg,0.2
4KK2_20150823_124645_564.jpg,0.2
0919_20150906_125326_354.jpg,0.3
5a9e_20141008_125813_565.jpg,-0.1
33TJ_20150615_191836_323.jpg,0.3
33TJ_20150723_183042_276.jpg,-0.3
0543_20150917_124715_973.jpg,0.4
0043_20161007_133224_518.jpg,0.4
6G7M_20150328_194924_423.jpg,-1.0
0009_20160702_124608_434.jpg,0.3
0043_20161007_133302_851.jpg,0.4
0037_20160716_131427_973.jpg,-1.0
4KK2_20150822_102809_757.jpg,-1.0
0043_20160928_194510_678.jpg,0.2
5a9e_20150328_175629_575.jpg,0.4
5066_20160723_172356_507.jpg,0.1
6G7M_20150415_185507_081.jpg,-0.6
1125_20151220_205849_121.jpg,-0.8
6FHF_20150307_215759_906.jpg,-0.8
0919_20150906_182229_287.jpg,0.3
0043_20160829_185551_456.jpg,-0.4
0039_20141006_113639_062.jpg,0.4
4KK2_20150718_142209_198.jpg,-1.4
9bf4_20150818_112414_876.jpg,-0.4
9bf4_20150818_171213_552.jpg,0.2
1125_20151201_114349_518.jpg,-0.8
33TJ_20150810_171220_569.jpg,0.2
0039_20141008_202923_344.jpg,-0.4
J6ZC_20150408_153251_204.jpg,-0.7
0037_20160717_132116_222.jpg,-3.8
4WBR_20150502_191821_096.jpg,0.3
5066_20160516_185718_426.jpg,-0.1
0043_20161007_115830_690.jpg,-0.2
0382_20150924_092321_999.jpg,-0.5
4KK2_20150817_232517_171.jpg,-1.0
1125_20151201_115517_662.jpg,-1.0
0032_20160919_060931_735.jpg,0.4
5a9e_20150404_152602_134.jpg,0.2
33TJ_20150811_160657_748.jpg,0.2
0043_20160919_140308_487.jpg,-0.4
0244_20151009_192636_238.jpg,-0.4
0382_20150912_123127_170.jpg,-0.6
33TJ_20150811_102546_517.jpg,0.2
33TJ_20150626_155831_004.jpg,-0.2
5066_20160519_122916_153.jpg,-0.3
6G7M_20150328_170953_945.jpg,0.5
4WBR_20150429_204051_318.jpg,-1.7
0006_20160726_185528_801.jpg,-0.9
4WBR_20150524_122906_585.jpg,0.5
0127_20161022_152006_986.jpg,0.2
0127_20161105_160000_421.jpg,0.2
0047_20160604_141028_434.jpg,-1.2
33TJ_20150616_183107_125.jpg,0.6
5a9e_20141009_121957_175.jpg,0.6
J6ZC_20150408_153555_685.jpg,0.2
33TJ_20150702_212720_350.jpg,-0.8
6G7M_20150403_201325_047.jpg,-0.8
0030_20160606_204529_236.jpg,-0.2
0919_20150910_140002_691.jpg,-0.4
33TJ_20150823_200636_618.jpg,-0.9
4KK2_20150824_210924_915.jpg,-0.5
6FHF_20150307_125050_425.jpg,-0.5
6G7M_20150404_001054_931.jpg,-0.8
0043_20160826_150609_668.jpg,0.2
4KK2_20150822_132956_529.jpg,0.3
0127_20161018_111335_603.jpg,-0.4
1125_20151228_161331_308.jpg,0.4
5066_20160628_174106_877.jpg,0.2
0155_20160910_232237_113.jpg,-0.8
0155_20160904_130124_842.jpg,0.2
4KK2_20150906_164853_957.jpg,1.2
4742_20150918_190040_826.jpg,0.6
0043_20161031_222740_335.jpg,-1.8
1125_20151229_223327_946.jpg,-0.9
J6VL_20150313_125629_886.jpg,0.3
c1b1_20150312_213906_682.jpg,-0.4
62CL_20150215_163504_418.jpg,0.1
0382_20150920_123855_709.jpg,-0.4
0155_20160805_215330_582.jpg,-1.8
4KK2_20150829_161648_198.jpg,-0.8
33TJ_20150607_142116_127.jpg,0.2
0830_20151121_134531_784.jpg,-0.2
0006_20160722_100951_201.jpg,1.0
0039_20141008_195518_502.jpg,-1.0
0155_20160927_140510_618.jpg,-3.2
0543_20150918_182603_706.jpg,0.4
33TJ_20150723_182619_837.jpg,-0.2
1125_20151226_191633_449.jpg,0.2
33TJ_20150811_124105_912.jpg,0.2
33TJ_20150810_191812_300.jpg,0.3
4KK2_20150824_211405_958.jpg,-0.1
0043_20160825_160617_398.jpg,-0.6
33TJ_20150705_191438_366.jpg,0.2
0043_20160920_121910_067.jpg,-0.4
33TJ_20150811_141240_806.jpg,-0.3
62CL_20150215_180737_079.jpg,0.3
6G7M_20150414_225105_789.jpg,0.3
33TJ_20150612_224713_771.jpg,-0.8
0155_20160810_215955_170.jpg,-0.6
5a9e_20150328_175433_221.jpg,0.3
0037_20160719_130621_945.jpg,1.0
6G7M_20150307_143129_568.jpg,0.2
6G7M_20150410_063033_818.jpg,0.2
4KK2_20150829_124052_277.jpg,-0.5
0382_20150921_151618_331.jpg,0.1
6G7M_20150415_183910_626.jpg,0.2
0919_20150907_125028_473.jpg,-0.6
1125_20151229_141011_892.jpg,-0.7
6G7M_20150411_121756_361.jpg,0.2
0037_20160717_142030_445.jpg,-0.4
0132_20160917_192027_943.jpg,-2.2
1125_20151230_224018_903.jpg,-1.5
0043_20161006_105256_094.jpg,0.2
1125_20160405_131113_994.jpg,-0.6
33TJ_20150607_154416_837.jpg,0.1
1125_20151229_160926_695.jpg,-0.3
0006_20160730_161413_074.jpg,0.2
0830_20151101_124137_181.jpg,-0.4
0919_20150906_185948_475.jpg,0.5
0272_20160521_150117_628.jpg,1.1
0155_20161002_163454_703.jpg,0.4
6G7M_20150403_202341_352.jpg,-1.0
0272_20151215_234157_868.jpg,-3.2
0244_20151010_145939_253.jpg,-0.6
0006_20160726_185600_481.jpg,0.6
6FHF_20150303_164011_374.jpg,0.4
4KK2_20150824_211123_861.jpg,-0.3
0543_20150918_085314_501.jpg,-0.9
1125_20151223_134031_545.jpg,0.6
0043_20160919_140610_616.jpg,-0.2
0155_20160816_115912_855.jpg,-0.4
0009_20160702_111002_526.jpg,0.4
0543_20150917_131407_937.jpg,0.1
5a9e_20141008_114925_185.jpg,0.3
6G7M_20150413_161826_619.jpg,-0.5
0094_20150412_140204_148.jpg,-1.2
4742_20150918_185913_275.jpg,0.5
0543_20150917_124819_627.jpg,0.1
0032_20160919_095847_933.jpg,0.5
0039_20141005_133430_484.jpg,-1.5
0009_20160703_151517_982.jpg,0.6
0382_20150924_091012_318.jpg,-0.4
0830_20151108_120156_474.jpg,0.5
1125_20151201_113003_155.jpg,-1.0
47L8_20150504_201808_134.jpg,-0.8
0039_20141007_070031_150.jpg,-0.4
0039_20141008_195729_671.jpg,-0.4
0244_20151010_161549_802.jpg,-1.2
4WBR_20150502_152105_619.jpg,1.0
33TJ_20150817_213745_517.jpg,-0.4
0244_20151010_183607_811.jpg,0.2
5066_20160722_105740_483.jpg,-0.2
JN34_20150319_183349_914.jpg,0.4
4WBR_20150515_183055_076.jpg,0.2
0919_20150909_142707_059.jpg,0.3
0272_20160521_145117_858.jpg,0.6
1125_20151229_143459_244.jpg,-0.5
6FHF_20150307_145407_807.jpg,0.2
0030_20151217_222326_176.jpg,-1.6
0039_20141008_190206_413.jpg,-1.8
5a9e_20141006_135520_132.jpg,0.5
0272_20151216_001142_863.jpg,-1.4
0043_20160920_193816_345.jpg,0.3
1125_20160312_163101_910.jpg,1.4
4KK2_20150808_182109_357.jpg,0.7
33TJ_20150820_180101_954.jpg,0.2
1125_20151222_184859_354.jpg,0.3
4WBR_20150516_120057_166.jpg,0.2
4KK2_20150829_154205_856.jpg,0.2
0155_20160902_110711_717.jpg,-0.6
0006_20160731_154041_721.jpg,-0.8
0155_20160820_141018_751.jpg,0.2
33TJ_20150606_224837_294.jpg,-1.4
0030_20160606_172902_640.jpg,0.2
33TJ_20150721_134354_428.jpg,0.3
0382_20150924_090901_068.jpg,-0.5
5a9e_20141006_105454_336.jpg,0.4
0127_20161105_180805_785.jpg,-1.0
33TJ_20150819_125949_761.jpg,-0.5
1125_20151222_131908_868.jpg,0.2
3eb8_20151020_084104_198.jpg,0.3
0043_20160829_191610_541.jpg,0.2
6G7M_20150317_065624_640.jpg,-0.3
0009_20160703_160723_259.jpg,0.8
c483_20150901_114634_210.jpg,-0.8
0919_20150909_145506_596.jpg,0.4
33TJ_20150819_112144_528.jpg,0.2
0032_20160919_060956_883.jpg,0.4
4742_20151130_112828_066.jpg,0.2
6G7M_20150307_133352_994.jpg,0.3
33TJ_20150612_224335_044.jpg,-1.0
synthetic_points_hawk_night_motion_blur.jpg,-1.2
5066_20160413_165339_533.jpg,0.2
0382_20150920_125916_122.jpg,-0.8
33TJ_20150729_125805_415.jpg,0.1
0043_20160825_140716_969.jpg,0.2
47L8_20150503_155922_304.jpg,0.3
6G7M_20150307_164954_725.jpg,0.5
6G7M_20150321_151956_104.jpg,0.3
0382_20150919_160717_569.jpg,-0.3
0009_20160702_113904_149.jpg,0.3
1125_20160318_125225_211.jpg,0.1
5a9e_20150328_163105_427.jpg,0.2
1125_20160318_124807_517.jpg,0.4
0047_20160604_141424_829.jpg,-1.0
4KK2_20150910_145901_288.jpg,0.3
4WBR_20150502_140042_627.jpg,0.8
0030_20151217_221419_434.jpg,-1.8
0043_20160830_191756_627.jpg,0.3
0155_20160830_112749_777.jpg,0.2
33TJ_20150627_145308_574.jpg,-0.4
0030_20160606_193349_234.jpg,0.2
0382_20150924_093243_694.jpg,0.2
4WBR_20150524_120832_588.jpg,0.9
0032_20160918_081824_065.jpg,0.6
33TJ_20150612_201525_012.jpg,-0.8
0830_20151107_170553_193.jpg,-0.6
0830_20151121_131738_856.jpg,-0.4
4KK2_20150910_150227_443.jpg,-0.5
33TJ_20150812_151948_205.jpg,0.1
5a9e_20150328_162432_716.jpg,-1.4
0006_20160726_113607_220.jpg,0.8
4WBR_20150524_130752_432.jpg,0.4
0094_20150412_140046_125.jpg,-0.8
5a9e_20141005_141004_955.jpg,0.3
6G7M_20150321_132654_786.jpg,-0.1
5066_20160413_170234_089.jpg,0.5
62CL_20150215_163810_051.jpg,0.2
0030_20151111_114544_073.jpg,-0.1
0039_20141009_125232_396.jpg,0.4
c483_20150901_105412_265.jpg,0.4
6G7M_20150307_132920_588.jpg,0.2
5066_20160721_172242_475.jpg,0.2
0919_20150904_212953_999.jpg,-0.8
4KK2_20150823_123216_850.jpg,0.2
1125_20151227_132013_544.jpg,0.6
0155_20160808_091636_400.jpg,0.2
0047_20160604_122505_268.jpg,-1.8
synthetic_lines_night_motion_blur.jpg,1.8
0037_20160719_152929_927.jpg,-0.6
1125_20151229_143431_981.jpg,-0.6
4KK2_20150910_140039_850.jpg,-0.6
4WBR_20150524_124611_756.jpg,0.2
0127_20161022_151332_056.jpg,-0.4
0382_20150924_092037_365.jpg,-0.4
33TJ_20150821_122418_232.jpg,0.3
4KK2_20150829_144856_663.jpg,0.2
0043_20161006_114610_155.jpg,-0.2
0006_20160727_191138_484.jpg,0.6
0919_20150905_182045_699.jpg,0.1
6G7M_20150328_160426_633.jpg,0.3
0089_20160630_132028_847.jpg,-0.4
0094_20150412_180229_277.jpg,0.2
1125_20160405_134504_391.jpg,-0.8
0919_20150906_164918_075.jpg,1.2
0039_20141009_182932_748.jpg,-0.4
0382_20150916_193918_966.jpg,-0.6
4WBR_20150524_115523_978.jpg,0.8
J6VL_20150312_153448_511.jpg,0.3
0043_20160908_100556_696.jpg,-0.6
0382_20150916_200811_275.jpg,-0.4
0009_20160712_110617_443.jpg,0.6
33TJ_20150820_164541_181.jpg,0.2
33TJ_20150729_174741_182.jpg,0.2
c1b1_20150408_202032_222.jpg,0.2
0127_20161022_142342_200.jpg,-1.0
0830_20151107_165337_232.jpg,-1.2
33TJ_20150811_103508_984.jpg,0.5
5066_20160722_151112_993.jpg,0.1
0919_20150905_155729_465.jpg,0.3
0089_20160628_180334_354.jpg,0.2
c483_20150901_175008_932.jpg,-0.6
0382_20150919_113020_896.jpg,-0.6
4KK2_20150829_140429_821.jpg,-0.6
4KK2_20150818_111401_912.jpg,-0.8
0043_20160826_181718_273.jpg,0.4
4KK2_20150910_143411_006.jpg,-0.6
1125_20151201_121424_199.jpg,0.3
1125_20151231_170811_106.jpg,-0.2
0009_20160703_151640_023.jpg,0.6
4KK2_20150822_225004_266.jpg,-0.4
4W8F_20150424_204100_383.jpg,-0.4
33TJ_20150606_184810_473.jpg,0.5
4742_20150918_090104_518.jpg,0.2
0043_20161005_172302_490.jpg,0.2
33TJ_20150607_132944_374.jpg,0.4
33TJ_20150822_183844_890.jpg,0.2
6G7M_20150404_140613_655.jpg,0.6
0006_20160722_115101_603.jpg,0.5
6FHF_20150307_135941_723.jpg,-0.4
0009_20160703_170758_133.jpg,0.4
1125_20151221_100409_293.jpg,0.5
0080_20141031_202514_581.jpg,-1.2
33TJ_20150628_214818_480.jpg,-1.2
0094_20150412_164132_610.jpg,-0.6
0037_20160719_122145_438.jpg,-0.4
0272_20151216_001344_428.jpg,-1.2
6FHF_20150307_144700_454.jpg,0.5
0039_20141007_154031_450.jpg,0.2
c1b1_20150312_133509_010.jpg,0.3
0043_20161006_120316_630.jpg,0.2
1125_20151220_173510_590.jpg,-0.3
0127_20161018_114314_888.jpg,-0.3
0919_20150910_143044_659.jpg,-0.6
c483_20150901_173210_443.jpg,0.3
6G7M_20150404_001230_965.jpg,-0.3
0037_20160716_095305_361.jpg,-1.4
0543_20150918_072832_934.jpg,-0.7
0039_20141010_164154_158.jpg,0.5
4KK2_20150808_174807_733.jpg,0.6
1125_20151221_090910_745.jpg,0.2
33TJ_20150626_155924_971.jpg,0.2
5a9e_20141007_065743_368.jpg,0.5
0032_20160919_091402_490.jpg,0.4
0030_20160606_203229_402.jpg,0.4
0043_20160921_135729_482.jpg,0.6
0032_20160921_125350_046.jpg,-0.8
4WBR_20150516_130700_915.jpg,-0.5
1125_20151221_200500_375.jpg,0.3
5a9e_20141005_133658_940.jpg,-0.7
33TJ_20150821_190611_769.jpg,-0.4
0043_20161006_111354_108.jpg,-0.2
0919_20150906_174929_074.jpg,0.2
0218_20150326_020721_884.jpg,0.1
1125_20151228_184607_405.jpg,-0.2
0382_20150916_195703_581.jpg,0.1
33TJ_20150613_100457_251.jpg,-0.8
33TJ_20150627_152439_197.jpg,0.2
0094_20150412_173307_574.jpg,-0.8
1125_20160306_152126_980.jpg,0.4
0006_20160726_191221_337.jpg,0.7
5a9e_20141009_143704_037.jpg,0.3
6G7M_20150328_162917_997.jpg,0.5
6FHF_20150303_120015_244.jpg,0.2
0127_20161112_103218_326.jpg,-0.2
0006_20160721_193344_227.jpg,0.8
0091_19700204_222842_397.jpg,0.4
1125_20151215_174112_948.jpg,0.3
0043_20161016_182013_505.jpg,0.4
J6ZC_20150408_175849_717.jpg,0.2
0039_20141009_154916_801.jpg,0.4
5a9e_20150328_163346_848.jpg,0.2
0039_20141006_125139_569.jpg,0.2
33TJ_20150613_091130_976.jpg,-0.6
0382_20150924_095405_380.jpg,-0.6
0543_20150918_201504_831.jpg,-1.0
5066_20160417_195437_616.jpg,0.2
1125_20160227_154023_057.jpg,-0.8
1125_20151227_130100_545.jpg,1.0
47L8_20150503_152322_111.jpg,-1.6
0006_20160721_181503_256.jpg,0.5
0039_20141005_132626_955.jpg,0.4
6G7M_20150321_133419_065.jpg,-0.2
4WBR_20150507_195607_035.jpg,0.3
5a9e_20150328_180322_431.jpg,-1.2
J6ZC_20150408_183238_027.jpg,0.2
33TJ_20150811_151236_997.jpg,0.6
1125_20151201_121436_471.jpg,0.3
47L8_20150503_134728_635.jpg,0.4
33TJ_20150612_213110_729.jpg,-0.8
0543_20150918_154922_237.jpg,0.3
0039_20141010_164518_648.jpg,0.8
9bf4_20150818_013858_077.jpg,-0.3
0030_20151009_172958_402.jpg,-0.6
0543_20150918_085348_092.jpg,-0.8
0155_20160910_224959_832.jpg,-1.0
6G7M_20150321_122134_942.jpg,0.1
0006_20160721_183353_778.jpg,-0.2
0043_20160831_082253_094.jpg,-0.8
0037_20160716_115039_415.jpg,0.4
0382_20150924_093649_791.jpg,-0.8
0039_20141007_070125_629.jpg,-0.4
33TJ_20150606_235202_595.jpg,-2.8
0006_20160728_123245_457.jpg,0.6
4WBR_20150502_131930_110.jpg,0.6
0009_20160702_154921_383.jpg,0.6
0009_20160701_150232_421.jpg,0.6
1125_20151231_170915_217.jpg,-0.3
5a9e_20141008_114253_363.jpg,0.8
JN34_20150324_113032_513.jpg,0.3
0244_20151010_132245_803.jpg,-0.8
4WBR_20150502_170513_716.jpg,0.5
6G7M_20150321_123433_994.jpg,0.2
5a9e_20141007_123014_959.jpg,0.8
1125_20151201_113659_140.jpg,-0.5
0006_20160730_190529_389.jpg,-0.8
33TJ_20150616_222300_209.jpg,-1.4
6G7M_20150403_175442_492.jpg,0.3
1125_20151229_175611_751.jpg,0.1
synthetic_bullseye_hawk_day_motion_blur.jpg,0.4
9bf4_20150818_172517_754.jpg,-1.6
c1b1_20150408_153131_632.jpg,0.5
4KK2_20150818_171050_162.jpg,0.3
4WBR_20150516_113244_247.jpg,0.4
0043_20160919_141032_302.jpg,0.2
4KK2_20150822_213340_372.jpg,-0.6
0006_20160727_185111_346.jpg,0.3
0155_20160923_162019_035.jpg,-0.6
33TJ_20150722_231948_210.jpg,-1.7
0043_20160825_185933_327.jpg,0.2
33TJ_20150628_162357_341.jpg,-1.0
synthetic_boxes_day.jpg,1.8
6G7M_20150328_163149_545.jpg,0.2
0094_20150412_111318_963.jpg,-0.6
33TJ_20150821_142134_061.jpg,0.4
6G7M_20150321_151731_981.jpg,0.3
0919_20150906_171533_846.jpg,0.2
47L8_20150430_163434_188.jpg,0.6
1125_20151215_132809_763.jpg,-0.6
0030_20151008_090054_301.jpg,-0.2
0043_20161007_103059_231.jpg,0.2
6G7M_20150325_204303_317.jpg,-0.6
0830_20151107_170602_823.jpg,-1.4
33TJ_20150812_140006_735.jpg,0.2
0043_20161007_160725_943.jpg,0.3
6FHF_20150303_112939_112.jpg,-0.5
33TJ_20150626_104946_496.jpg,0.3
33TJ_20150723_155143_773.jpg,0.5
0919_20150906_134055_148.jpg,0.3
5066_20160721_151905_307.jpg,-0.1
6G7M_20150328_155840_881.jpg,0.7
0919_20150904_202637_575.jpg,-2.6
33TJ_20150722_203408_641.jpg,0.1
6G7M_20150403_180848_802.jpg,-0.5
0382_20150924_100329_180.jpg,0.2
0030_20151217_221900_813.jpg,-1.2
1125_20151227_113537_919.jpg,0.2
0006_20160726_125130_000.jpg,0.4
0043_20161002_170259_758.jpg,-0.4
1125_20151220_175156_983.jpg,0.3
0155_20160904_125910_404.jpg,0.3
0039_20141005_193418_549.jpg,-1.2
0043_20160825_152213_298.jpg,-0.3
bee7_20150829_143532_435.jpg,-0.2
5a9e_20150405_165352_614.jpg,0.4
4KK2_20150818_120830_312.jpg,-0.7
0039_20141009_122624_660.jpg,0.3
4KK2_20150822_103039_102.jpg,0.3
4WBR_20150524_143308_172.jpg,0.2
4KK2_20150818_172412_243.jpg,-2.1
c483_20150901_203341_700.jpg,0.4
6G7M_20150410_093713_601.jpg,0.3
6G7M_20150403_180635_147.jpg,-0.6
33TJ_20150628_211117_139.jpg,-1.2
1125_20151222_132646_357.jpg,0.2
5066_20160522_130319_925.jpg,0.2
0382_20150913_141938_194.jpg,0.2
5066_20160413_173837_663.jpg,0.2
6G7M_20150320_090042_770.jpg,0.1
6G7M_20150328_121222_191.jpg,0.6
0030_20151007_174654_427.jpg,0.2
0043_20161005_181945_310.jpg,0.3
0218_20150329_192955_599.jpg,-0.4
0039_20141009_180710_979.jpg,-0.6
5a9e_20141007_070607_129.jpg,-0.2
33TJ_20150613_161602_882.jpg,0.1
0094_20150412_155229_970.jpg,0.2
0037_20160719_153756_271.jpg,0.4
4KK2_20150906_173146_727.jpg,-0.7
0919_20150906_131846_532.jpg,0.2
33TJ_20150820_164934_209.jpg,0.3
6G7M_20150328_172249_650.jpg,0.5
0037_20160717_173452_135.jpg,-1.0
0039_20141005_140345_545.jpg,-0.8
0030_20151007_174135_741.jpg,0.5
c1b1_20150311_204109_584.jpg,-3.0
1125_20151201_120547_284.jpg,0.4
0155_20160901_184607_667.jpg,0.2
0043_20160825_173843_407.jpg,0.2
0039_20141009_173223_377.jpg,0.4
6G7M_20150324_214840_232.jpg,0.4
0919_20150906_192120_942.jpg,-0.8
5a9e_20150403_125655_137.jpg,0.2
4KK2_20150822_141027_888.jpg,0.4
0039_20141007_070726_178.jpg,-0.6
0155_20160904_110651_838.jpg,0.1
5066_20160722_141703_425.jpg,-0.1
33TJ_20150726_204613_133.jpg,-0.4
0030_20151007_193937_624.jpg,0.1
0039_20141008_195305_670.jpg,-1.4
4KK2_20150910_143113_758.jpg,-0.6
1125_20151226_204547_241.jpg,-0.6
33TJ_20150616_221338_648.jpg,-1.8
bee7_20150829_154106_824.jpg,0.2
0043_20161007_150825_944.jpg,0.6
6FHF_20150303_115853_902.jpg,0.4
6G7M_20150321_153955_393.jpg,0.4
0244_20151010_120510_053.jpg,-0.2
0244_20151010_120357_172.jpg,-0.2
0919_20150905_213217_517.jpg,0.2
4742_20150918_130613_237.jpg,0.5
1125_20151230_223943_423.jpg,-1.1
33TJ_20150607_154818_371.jpg,0.2
5066_20151225_004821_874.jpg,0.4
0919_20150905_120128_056.jpg,0.2
0543_20150918_192012_043.jpg,-1.2
0830_20151121_134335_945.jpg,-0.3
5a9e_20150207_134719_788.jpg,0.3
1125_20151225_184047_369.jpg,0.1
0006_20160726_184949_203.jpg,0.4
5a9e_20141007_173530_483.jpg,0.6
4WBR_20150524_145900_654.jpg,0.2
0006_20160722_101432_847.jpg,0.4
4W8F_20150424_192609_298.jpg,-0.7
0919_20150906_192043_222.jpg,0.4
33TJ_20150723_155851_160.jpg,0.4
33TJ_20150729_181056_299.jpg,0.2
0543_20150918_182625_067.jpg,0.2
4KK2_20150718_153552_274.jpg,-0.8
1125_20151220_152918_101.jpg,0.2
0919_20150906_132906_590.jpg,0.4
synthetic_bullseye_hawk_night_motion_blur.jpg,0.4
6G7M_20150328_194343_379.jpg,-0.8
4KK2_20150718_153138_985.jpg,-1.0
0127_20161112_123920_195.jpg,-0.6
1125_20151201_120649_241.jpg,-0.6
9bf4_20150818_113657_355.jpg,-0.4
47L8_20150504_202218_153.jpg,-0.8
0094_20150411_151221_923.jpg,-1.2
0155_20160910_232121_397.jpg,-1.0
0009_20160703_162233_361.jpg,0.4
5066_20160628_183956_484.jpg,-0.6
0094_20150412_110708_625.jpg,-1.4
synthetic_ramp_day.jpg,1.2
6G7M_20150307_133932_228.jpg,0.5
0919_20150904_103718_478.jpg,-1.2
6FHF_20150303_112426_887.jpg,0.4
6FHF_20150303_141958_815.jpg,-0.2
6FHF_20150308_124743_545.jpg,0.2
4742_20150918_191618_908.jpg,0.4
0043_20161006_091328_073.jpg,0.1
0830_20151114_021640_175.jpg,-1.6
0830_20151127_164655_217.jpg,0.2
bee7_20150829_152233_501.jpg,0.3
6G7M_20150325_134507_096.jpg,0.4
0039_20141007_185846_530.jpg,-1.6
47L8_20150517_182019_802.jpg,0.2
1125_20160306_143605_623.jpg,0.3
0006_20160726_183355_068.jpg,0.8
bee7_20150829_155507_272.jpg,0.3
4KK2_20150829_153249_902.jpg,0.3
0155_20160901_194236_216.jpg,-1.2
0094_20150412_172906_649.jpg,-1.0
4KK2_20150829_170355_056.jpg,0.2
4WBR_20150524_123748_247.jpg,-0.1
6G7M_20150403_124906_170.jpg,0.4
0037_20161107_135808_870.jpg,-0.6
0127_20161023_105840_857.jpg,0.3
33TJ_20150820_131940_321.jpg,-1.1
6G7M_20150328_163408_727.jpg,0.2
5a9e_20150207_134802_735.jpg,0.3
0043_20160928_202305_927.jpg,-0.6
6FHF_20150307_142502_697.jpg,-0.7
0043_20160920_121828_429.jpg,-0.4
6G7M_20150307_163855_834.jpg,0.6
0382_20150919_133035_735.jpg,0.2
0032_20160919_061013_881.jpg,0.5
0030_20151007_194149_180.jpg,-0.5
0158_20160702_163422_023.jpg,-0.2
bee7_20150829_140335_522.jpg,-0.7
c483_20150901_195104_564.jpg,-0.5
33TJ_20150723_184246_613.jpg,0.1
0094_20150412_110436_460.jpg,-1.2
1125_20151231_133534_182.jpg,-1.5
33TJ_20150811_114812_322.jpg,1.1
0127_20161018_111445_182.jpg,-0.6
5a9e_20141005_153043_735.jpg,1.0
33TJ_20150811_195819_966.jpg,-1.2
0009_20160713_231009_726.jpg,0.2
6G7M_20150409_064515_025.jpg,0.3
4WBR_20150503_182847_089.jpg,0.1
0382_20150916_195309_747.jpg,0.1
0039_20141008_182606_988.jpg,0.4
5066_20160417_094740_608.jpg,0.3
0127_20161018_111216_343.jpg,-0.6
6G7M_20150321_122503_254.jpg,0.4
0030_20151217_222510_904.jpg,-2.0
0132_20161016_151514_409.jpg,-0.2
0382_20150912_125455_388.jpg,0.2
0043_20160825_133307_256.jpg,0.3
0830_20151101_123037_908.jpg,-0.2
0155_20160730_145849_196.jpg,-0.8
33TJ_20150616_181545_040.jpg,0.2
5a9e_20141006_162653_141.jpg,0.5
0043_20160825_172512_015.jpg,0.2
0382_20150924_101435_345.jpg,-0.6
0155_20160810_212319_430.jpg,-1.2
0043_20160919_142004_941.jpg,0.2
0039_20141007_160252_163.jpg,-0.2
33TJ_20150621_132030_737.jpg,0.1
5066_20160417_184327_636.jpg,-0.2
5a9e_20150207_104201_909.jpg,-0.4
5066_20151225_192323_351.jpg,-1.4
1125_20151201_113924_741.jpg,-0.6
6FHF_20150303_114347_248.jpg,0.2
0382_20150912_131056_666.jpg,-0.2
33TJ_20150606_202321_541.jpg,0.3
0030_20160606_211232_890.jpg,-0.6
0919_20150905_185444_137.jpg,-1.4
33TJ_20150612_193611_250.jpg,0.6
0043_20160825_173818_810.jpg,0.4
5066_20160724_121014_385.jpg,0.3
0039_20141007_065905_088.jpg,-0.2
0155_20160901_193743_683.jpg,-1.0
6FHF_20150303_165421_129.jpg,0.2
0039_20141010_173221_885.jpg,1.0
4KK2_20150818_121020_395.jpg,-1.1
6G7M_20150328_155142_128.jpg,0.5
6G7M_20150328_145451_575.jpg,0.6
4KK2_20150822_132502_186.jpg,-0.3
0244_20151010_142159_287.jpg,0.2
1125_20151215_135107_927.jpg,-0.4
4KK2_20150822_150109_605.jpg,-0.8
6G7M_20150403_172319_794.jpg,0.4
33TJ_20150811_144019_692.jpg,0.6
0382_20150919_130906_228.jpg,-1.2
6G7M_20150328_183029_897.jpg,0.2
33TJ_20150820_184024_893.jpg,-1.6
5a9e_20150328_161043_704.jpg,-0.2
33TJ_20150625_105012_661.jpg,1.0
1125_20151229_181633_538.jpg,-3.4
0919_20150906_175138_651.jpg,0.2
6G7M_20150325_113420_008.jpg,0.4
33TJ_20150729_184859_350.jpg,0.2
62CL_20150213_172818_098.jpg,0.2
0155_20161002_143114_600.jpg,-0.6
6G7M_20150328_173054_283.jpg,-0.4
IMG_20160813_120019_091.jpg,0.6
J6VL_20150918_191941_627.jpg,0.2
1125_20151201_121300_607.jpg,0.2
6G7M_20150325_104617_962.jpg,-0.7
0039_20141007_161525_233.jpg,-0.5
0127_20161018_110923_285.jpg,-0.6
4KK2_20150818_113319_995.jpg,-0.8
0244_20151010_150446_036.jpg,0.2
0382_20150919_113317_542.jpg,0.2
0006_20160722_183131_669.jpg,1.0
0127_20161112_135044_584.jpg,0.2
0132_20160917_173918_110.jpg,0.2
4KK2_20150814_181341_173.jpg,-0.6
0543_20150919_083628_226.jpg,-1.0
0919_20150906_132311_466.jpg,0.5
0006_20160723_102759_851.jpg,0.4
0830_20151121_151517_316.jpg,0.2
6G7M_20150328_160532_026.jpg,0.4
0009_20160710_004152_067.jpg,0.4
0543_20150917_111418_613.jpg,-1.2
33TJ_20150729_164051_450.jpg,0.3
6G7M_20150403_153940_451.jpg,-0.6
47L8_20150518_201350_875.jpg,-0.6
47L8_20150630_200940_224.jpg,0.3
0919_20150907_115328_337.jpg,0.2
0382_20150919_132101_605.jpg,0.2
0543_20150918_085310_081.jpg,-0.6
1125_20151231_161803_040.jpg,0.4
0043_20160825_141825_063.jpg,0.2
33TJ_20150613_091017_637.jpg,-1.0
0094_20150412_140546_382.jpg,-1.6
0043_20161007_115144_003.jpg,0.2
0009_20160703_180351_837.jpg,0.1
0006_20160721_172953_515.jpg,0.5
6FHF_20150303_113340_881.jpg,-0.4
0058_20160714_205939_444.jpg,-2.6
4KK2_20150829_162922_083.jpg,0.2
0919_20150906_180715_081.jpg,0.5
1125_20151223_130748_269.jpg,0.3
1125_20151230_211150_930.jpg,0.4
0155_20160831_153955_974.jpg,-0.6
0919_20150905_182118_484.jpg,0.2
33TJ_20150811_101542_142.jpg,0.8
0006_20160723_204811_299.jpg,0.5
bee7_20150818_171640_241.jpg,0.4
1125_20151230_131509_942.jpg,-0.6
4KK2_20150818_120416_804.jpg,-0.4
0043_20161102_161733_947.jpg,0.4
6G7M_20150328_174642_031.jpg,-0.3
0543_20150918_134358_028.jpg,0.5
62CL_20150213_173616_992.jpg,0.2
33TJ_20150820_131900_168.jpg,0.1
0919_20150906_184556_367.jpg,0.5
0919_20150906_180457_328.jpg,0.4
0043_20161006_165557_263.jpg,-1.4
1125_20151229_151703_922.jpg,-0.4
0155_20160904_123105_671.jpg,-0.2
4KK2_20150822_213301_839.jpg,-0.6
0382_20150924_092932_378.jpg,0.2
0830_20151118_144909_244.jpg,-0.6
0043_20161016_180940_534.jpg,-0.8
33TJ_20150811_142612_873.jpg,0.5
47L8_20150701_154527_359.jpg,-0.8
33TJ_20150626_164139_926.jpg,0.2
4KK2_20150912_131308_080.jpg,0.3
c1b1_20150408_152919_339.jpg,0.3
0127_20161105_172413_044.jpg,-0.8
0039_20141006_105442_677.jpg,-0.4
9bf4_20150824_204210_479.jpg,-0.3
0043_20160922_220424_424.jpg,-0.4
0039_20141007_105916_593.jpg,0.4
0030_20160606_205624_378.jpg,-0.6
J6VL_20150313_125718_326.jpg,0.3
0009_20160702_165400_591.jpg,-0.2
33TJ_20150613_091626_644.jpg,-0.3
4KK2_20150907_125538_661.jpg,0.2
0218_20141102_151945_523.jpg,-0.6
33TJ_20150614_232449_290.jpg,-1.4
5066_20160722_164939_257.jpg,-0.3
0037_20160716_221351_802.jpg,0.2
6G7M_20150328_163754_240.jpg,0.1
0030_20151217_215717_243.jpg,-1.7
5a9e_20141006_142550_889.jpg,0.6
1125_20151222_160004_250.jpg,0.4
0030_20151217_221631_804.jpg,-1.9
0043_20160921_140231_892.jpg,0.2
c483_20150901_194029_165.jpg,-0.4
0030_20151213_150722_920.jpg,-2.2
9bf4_20150824_211050_331.jpg,-0.4
0039_20141008_135432_467.jpg,0.4
33TJ_20150613_091501_684.jpg,-0.1
6G7M_20150307_134021_883.jpg,0.1
33TJ_20150820_162749_845.jpg,0.2
0043_20161022_150556_742.jpg,-0.6
1125_20151230_211158_377.jpg,0.5
6FHF_20150331_114140_424.jpg,-0.4
c1b1_20150408_154511_377.jpg,0.3
1125_20151226_184245_462.jpg,0.4
4WBR_20150502_163510_618.jpg,0.3
0030_20151215_114255_355.jpg,-0.2
0039_20141010_151017_298.jpg,0.4
0043_20161006_091754_401.jpg,-0.6
0037_20160714_212039_893.jpg,-1.2
0155_20160927_174128_257.jpg,0.2
0830_20151107_170639_119.jpg,-1.6
bee7_20150829_151427_286.jpg,-0.4
0006_20160722_095205_079.jpg,-1.0
6G7M_20150408_211805_558.jpg,-1.0
c483_20150901_114931_506.jpg,-1.1
5a9e_20150328_173514_944.jpg,0.2
0037_20160719_131021_316.jpg,-3.4
0009_20160710_125419_942.jpg,0.3
0244_20151010_145139_465.jpg,-0.8
33TJ_20150812_163307_784.jpg,-0.3
0155_20160926_204415_055.jpg,0.6
0244_20151010_115837_836.jpg,-1.2
4WBR_20150516_104311_591.jpg,0.3
0043_20160827_195509_723.jpg,-0.4
0830_20151120_140458_302.jpg,0.2
0039_20141006_105727_140.jpg,0.2
0127_20161022_143837_216.jpg,0.3
47L8_20150701_154636_066.jpg,-0.8
47L8_20150630_161222_595.jpg,0.2
0043_20161005_160413_372.jpg,0.1
0043_20161103_090946_718.jpg,-0.6
0919_20150904_204643_704.jpg,-2.6
0009_20160702_115150_426.jpg,0.4
0043_20160830_181126_710.jpg,0.2
0037_20160716_202452_334.jpg,-0.8
0039_20141005_162501_552.jpg,-0.8
J6ZC_20150408_180208_452.jpg,0.5
1125_20151227_114031_942.jpg,0.7
6G7M_20150403_152634_142.jpg,-0.5
0043_20160925_123234_501.jpg,0.2
0155_20160831_134726_825.jpg,0.2
47L8_20150516_123422_339.jpg,-0.6
6G7M_20150317_221108_787.jpg,-0.3
0919_20150906_132530_968.jpg,0.3
6G7M_20150411_184008_205.jpg,0.5
6FHF_20150307_125250_991.jpg,-0.5
0155_20160923_175019_570.jpg,-0.6
0272_20151216_000351_247.jpg,-2.2
4KK2_20150808_193015_654.jpg,-0.8
0830_20151127_165234_821.jpg,-1.4
1125_20151221_130507_322.jpg,0.2
6G7M_20150328_175246_331.jpg,0.5
0037_20160716_220719_999.jpg,-1.6
0030_20151008_090329_300.jpg,-0.3
0382_20150924_100126_638.jpg,0.2
6FHF_20150303_174338_942.jpg,0.6
9bf4_20150822_154514_762.jpg,0.4
4742_20150919_084156_722.jpg,-0.4
33TJ_20150819_102937_206.jpg,0.2
4KK2_20150818_174000_354.jpg,0.2
0006_20160727_191809_182.jpg,-0.4
c1b1_20150408_152445_970.jpg,-0.4
0009_20160710_004937_202.jpg,0.6
0006_20160728_123319_433.jpg,0.7
c1b1_20150312_204705_173.jpg,-0.8
synthetic_boxes_night.jpg,2.2
J6VL_20150312_122931_660.jpg,0.6
c1b1_20150424_193600_862.jpg,-0.4
33TJ_20150821_191056_926.jpg,-0.5
4KK2_20150822_134322_256.jpg,-1.6
4KK2_20150817_204700_566.jpg,-0.5
c1b1_20150424_201100_596.jpg,0.1
5a9e_20141006_122949_491.jpg,-0.6
6G7M_20150307_171305_444.jpg,0.2
0155_20160831_135030_775.jpg,-0.3
33TJ_20150701_211925_591.jpg,0.2
0919_20150904_212839_197.jpg,-0.8
6G7M_20150307_154158_446.jpg,0.5
33TJ_20150811_164831_604.jpg,-0.1
0039_20141008_180549_389.jpg,-0.2
4KK2_20150912_125525_384.jpg,0.3
5066_20160413_195931_514.jpg,-1.2
1125_20151222_132536_396.jpg,0.3
5a9e_20150404_132155_318.jpg,0.3
6FHF_20150331_115857_642.jpg,-0.4
4KK2_20150829_150150_122.jpg,0.3
6FHF_20150331_114339_694.jpg,-0.4
0039_20141006_113515_617.jpg,0.2
0043_20161006_122959_163.jpg,0.2
47L8_20150512_094156_698.jpg,-2.0
0006_20160727_191116_593.jpg,0.3
0382_20150924_094527_657.jpg,0.2
5a9e_20150207_134732_725.jpg,0.3
6G7M_20150415_185322_439.jpg,-0.4
5a9e_20150328_160846_095.jpg,0.7
33TJ_20150615_191918_581.jpg,0.5
4KK2_20150906_230701_118.jpg,0.1
0009_20160702_184507_653.jpg,-1.0
0006_20160722_133733_011.jpg,0.2
6G7M_20150321_131401_885.jpg,0.4
47L8_20150630_154934_834.jpg,-2.2
0043_20160920_194050_764.jpg,0.4
0543_20150918_131451_875.jpg,0.3
1125_20151228_161316_898.jpg,0.4
4KK2_20150822_224325_221.jpg,-0.6
0919_20150906_181049_001.jpg,0.4
0043_20160921_194021_531.jpg,-0.6
1125_20151201_120344_968.jpg,0.2
0039_20141007_164039_446.jpg,0.1
33TJ_20150613_094544_824.jpg,-1.4
4KK2_20150905_192010_811.jpg,0.2
0043_20160826_194907_089.jpg,0.4
0009_20160710_001724_568.jpg,-1.8
0043_20161005_164046_315.jpg,0.2
4WBR_20150502_135126_510.jpg,0.6
6G7M_20150419_023348_725.jpg,-0.8
4KK2_20150718_150013_538.jpg,0.4
0919_20150906_191410_653.jpg,0.3
0043_20160825_173225_957.jpg,-0.1
0543_20150918_182135_888.jpg,0.3
1125_20151201_115142_439.jpg,-0.2
4WBR_20150507_172324_646.jpg,0.2
6G7M_20150404_181450_714.jpg,0.3
0543_20150918_073109_285.jpg,0.3
33TJ_20150625_230223_549.jpg,-0.8
33TJ_20150729_162417_741.jpg,0.6
J6ZC_20150408_152431_778.jpg,-0.5
4742_20150918_130703_281.jpg,-1.5
5a9e_20150403_160424_115.jpg,0.1
0039_20141007_153327_217.jpg,-0.2
33TJ_20150615_050210_628.jpg,0.3
0382_20150920_121333_614.jpg,0.1
6FHF_20150331_115209_279.jpg,-0.8
0382_20150920_124203_342.jpg,-0.3
0030_20151121_161540_619.jpg,0.1
0039_20141009_173525_742.jpg,0.6
0043_20161006_082056_937.jpg,-0.4
6G7M_20150326_063255_979.jpg,0.4
33TJ_20150626_160809_208.jpg,0.2
0043_20160825_192631_983.jpg,0.4
0382_20150920_124047_749.jpg,-0.3
0543_20150918_134343_669.jpg,0.3
4742_20151130_133445_388.jpg,0.3
5a9e_20141009_173412_059.jpg,0.6
9bf4_20150818_113415_066.jpg,-0.7
0094_20150412_172045_245.jpg,-1.2
6FHF_20150331_120940_991.jpg,0.2
0382_20150919_124311_528.jpg,-1.8
5a9e_20150328_155043_403.jpg,-0.4
JN34_20150328_181615_759.jpg,0.5
33TJ_20150821_120611_314.jpg,0.3
c1b1_20150408_201933_915.jpg,0.3
62CL_20150213_173422_334.jpg,0.3
5a9e_20141009_150027_378.jpg,0.8
0043_20160923_122514_781.jpg,0.4
c1b1_20150424_191138_011.jpg,-0.2
0043_20161006_105419_277.jpg,0.2
1125_20151231_172455_013.jpg,0.4
47L8_20150517_154213_064.jpg,0.2
0039_20141009_154827_107.jpg,0.3
0006_20160726_184510_775.jpg,0.5
0382_20150921_112629_169.jpg,0.1
6FHF_20150303_134800_238.jpg,0.4
0127_20161018_111029_303.jpg,0.2
6G7M_20150412_185825_365.jpg,0.2
6G7M_20150411_123126_272.jpg,0.2
0043_20161006_170259_390.jpg,-0.3
0037_20160716_142140_510.jpg,-1.2
33TJ_20150615_190122_828.jpg,0.3
33TJ_20150607_135208_428.jpg,0.6
0127_20161022_170530_345.jpg,0.2
0043_20161031_224702_478.jpg,-1.0
0094_20150412_174235_435.jpg,0.2
0009_20160710_124113_370.jpg,0.4
0009_20160709_223948_484.jpg,0.2
0919_20150904_212734_864.jpg,-0.8
0039_20141007_161105_050.jpg,-0.5
0382_20150924_085438_206.jpg,-0.4
0155_20160923_174215_933.jpg,-0.3
6FHF_20150303_115706_645.jpg,0.3
0382_20150919_131651_796.jpg,-0.8
0037_20160716_140522_505.jpg,0.6
1125_20151225_165349_230.jpg,-1.0
6G7M_20150412_185646_699.jpg,0.2
33TJ_20150612_121000_925.jpg,0.3
1125_20151229_140941_790.jpg,-0.6
0037_20160716_100644_199.jpg,-0.4
0047_20160531_115655_122.jpg,-0.6
0244_20151010_151852_903.jpg,0.2
5066_20160724_122230_813.jpg,-0.6
47L8_20150516_182746_581.jpg,0.3
33TJ_20150721_094743_761.jpg,-1.8
33TJ_20150810_173750_121.jpg,0.2
5a9e_20141005_140124_873.jpg,0.2
0830_20151121_143912_522.jpg,-0.6
0043_20161007_091554_208.jpg,0.1
0043_20161007_160546_921.jpg,0.3
0006_20160724_095820_954.jpg,0.7
1125_20151231_123826_650.jpg,0.2
6G7M_20150313_180732_465.jpg,0.1
6G7M_20150321_133158_176.jpg,0.6
1125_20151201_115345_050.jpg,-1.5
33TJ_20150723_180025_178.jpg,0.2
9bf4_20150822_224741_700.jpg,0.2
0132_20161016_151410_501.jpg,0.2
4WBR_20150501_220443_057.jpg,-3.2
0543_20150918_155428_582.jpg,0.6
0043_20161006_162052_490.jpg,0.3
6G7M_20150326_002210_987.jpg,-0.8
0030_20160606_182515_134.jpg,0.4
6G7M_20150325_084014_332.jpg,-0.8
0039_20141007_070405_894.jpg,-0.6
4742_20150917_124210_026.jpg,-0.1
33TJ_20150621_155925_885.jpg,-1.2
0043_20161004_202051_336.jpg,-1.2
0127_20161023_140411_215.jpg,0.2
33TJ_20150819_101542_010.jpg,0.2
0132_20161019_120117_972.jpg,-1.0
9bf4_20150818_161740_584.jpg,0.5
4KK2_20150818_174609_386.jpg,0.2
0037_20160716_133442_016.jpg,-2.6
0543_20150918_085508_012.jpg,0.2
1125_20151219_151855_270.jpg,0.2
0155_20160904_123140_140.jpg,-0.3
0037_20160717_131556_105.jpg,-0.6
0009_20160702_183851_839.jpg,-0.8
5a9e_20141006_122540_393.jpg,-0.4
0155_20160922_171227_443.jpg,-0.4
0047_20160609_133132_746.jpg,-3.4
0127_20161105_174745_133.jpg,-0.6
62CL_20150213_172409_745.jpg,0.5
33TJ_20150810_165332_199.jpg,0.2
0043_20160917_173046_821.jpg,-1.8
0155_20160807_105447_477.jpg,-0.6
5a9e_20141009_122048_286.jpg,-1.4
6FHF_20150307_110351_470.jpg,0.1
5a9e_20141006_135548_836.jpg,0.6
6G7M_20150326_063524_609.jpg,0.5
1125_20151229_165337_725.jpg,-1.0
9dd3_20151219_140827_453.jpg,0.4
0244_20151010_161053_787.jpg,0.3
33TJ_20150606_210228_286.jpg,-0.8
0006_20160722_115157_431.jpg,-0.5
9bf4_20150824_204230_368.jpg,-0.4
4KK2_20150818_173244_792.jpg,0.2
5a9e_20150328_164411_812.jpg,0.2
6FHF_20150303_170730_432.jpg,0.1
0094_20150410_011729_203.jpg,-0.4
6G7M_20150329_162911_300.jpg,0.2
0127_20161022_144538_756.jpg,0.4
47L8_20150517_182450_843.jpg,0.3
6FHF_20150303_170433_604.jpg,0.5
c483_20150901_174845_909.jpg,0.4
0039_20141005_140151_779.jpg,0.4
5066_20160722_143857_296.jpg,0.1
6FHF_20150303_170547_585.jpg,0.1
4WBR_20150515_182933_917.jpg,-0.5
33TJ_20150820_162849_707.jpg,0.3
4KK2_20150829_170525_488.jpg,0.2
0127_20161022_144117_906.jpg,0.2
6G7M_20150308_153351_531.jpg,0.2
4742_20150919_084319_419.jpg,-1.0
c1b1_20141007_235657_307.jpg,0.6
0382_20150924_094401_642.jpg,-0.5
1125_20151231_162501_110.jpg,-0.6
0127_20161022_143842_167.jpg,0.3
4KK2_20150718_152740_143.jpg,-1.2
0043_20160825_111310_470.jpg,-0.8
1125_20151229_134649_867.jpg,-0.5
5a9e_20150328_175320_574.jpg,0.3
0919_20150907_125515_053.jpg,0.2
4KK2_20150910_143640_229.jpg,-0.6
1125_20151225_175415_622.jpg,0.4
0830_20151031_154211_965.jpg,0.3
6FHF_20150303_164407_334.jpg,-0.3
0155_20160816_115629_383.jpg,-0.6
1125_20151231_133339_280.jpg,0.2
5066_20160416_113925_740.jpg,0.1
0009_20160702_110300_126.jpg,0.4
4KK2_20150905_140056_704.jpg,0.2
0382_20150924_101103_451.jpg,0.1
0037_20160719_122632_748.jpg,0.6
0043_20161103_091058_603.jpg,-0.8
0919_20150907_115008_747.jpg,-1.0
0132_20160917_175200_202.jpg,0.2
33TJ_20150730_191520_004.jpg,-0.3
6G7M_20150307_133019_716.jpg,0.3
4KK2_20150817_233633_191.jpg,-0.6
0037_20160719_130847_669.jpg,-0.2
4742_20150918_185941_368.jpg,0.5
0037_20160717_143741_296.jpg,-1.2
4KK2_20150823_130650_314.jpg,0.3
6FHF_20150331_120656_949.jpg,0.6
0043_20160925_231719_778.jpg,-1.8
5a9e_20150207_161253_956.jpg,-0.4
0006_20160721_190959_035.jpg,-1.0
5a9e_20150328_170812_096.jpg,-2.4
33TJ_20150628_214649_118.jpg,-1.0
1125_20151227_174133_804.jpg,0.4
0043_20161007_151205_720.jpg,-0.4
6G7M_20150415_135009_426.jpg,0.3
0006_20160727_190034_034.jpg,0.6
0009_20160702_111027_453.jpg,0.5
47L8_20150503_134318_417.jpg,0.5
5066_20160413_165856_637.jpg,0.3
bee7_20150829_150110_645.jpg,0.5
33TJ_20150819_101659_151.jpg,0.3
1125_20151229_192515_051.jpg,0.2
6G7M_20150321_130833_545.jpg,0.3
5a9e_20150327_135949_658.jpg,1.0
1125_20151231_161550_984.jpg,0.2
4WBR_20150428_173130_981.jpg,-0.6
1125_20151229_145436_760.jpg,0.2
0919_20150910_140430_946.jpg,-0.4
0039_20141009_155110_471.jpg,0.4
1125_20151229_140918_194.jpg,-0.6
33TJ_20150811_143737_790.jpg,0.5
0382_20150919_114101_694.jpg,0.1
synthetic_ramp_night.jpg,1.3
0127_20161023_135459_181.jpg,-0.1
0155_20160924_183619_458.jpg,0.2
33TJ_20150810_170408_654.jpg,0.2
0039_20141006_162509_038.jpg,0.8
0127_20161018_114213_662.jpg,0.1
4WBR_20150516_102605_534.jpg,-0.3
0039_20141008_142605_300.jpg,0.6
33TJ_20150613_092109_517.jpg,-1.0
4WBR_20150502_190000_564.jpg,0.4
1125_20151201_114127_411.jpg,-0.8
4WBR_20150524_121604_395.jpg,0.8
0830_20151121_131304_425.jpg,-0.2
0244_20151010_153522_522.jpg,0.2
4KK2_20150814_172528_631.jpg,-1.8
0919_20150910_144028_917.jpg,0.4
6G7M_20150417_064208_250.jpg,0.3
1125_20160403_172323_194.jpg,0.3
33TJ_20150722_232218_315.jpg,-1.2
0043_20161031_200342_877.jpg,-3.2
33TJ_20150607_031028_171.jpg,-1.1
JN34_20150324_120600_100.jpg,0.4
0382_20150912_131242_196.jpg,0.4
4WBR_20150515_182821_869.jpg,-0.3
6G7M_20150328_154829_947.jpg,-1.0
33TJ_20150730_201700_327.jpg,-0.4
6G7M_20150321_133636_123.jpg,0.2
0155_20160901_164025_214.jpg,0.2
1125_20151229_181430_402.jpg,-1.2
4KK2_20150822_120106_971.jpg,-1.0
0043_20160829_151227_751.jpg,-0.8
0382_20150924_091419_019.jpg,-0.4
bee7_20150818_113445_197.jpg,-0.6
bee7_20150829_161252_715.jpg,-0.7
c1b1_20150222_151127_644.jpg,-0.2
33TJ_20150721_115154_265.jpg,0.2
62CL_20150124_185521_607.jpg,-0.2
1125_20151222_171644_665.jpg,0.3
c1b1_20150408_153838_386.jpg,-0.4
0009_20160702_113237_877.jpg,0.4
0006_20160726_182226_719.jpg,0.4
33TJ_20150615_151529_869.jpg,0.5
0043_20161004_203038_587.jpg,-0.8
0382_20150924_090414_153.jpg,-0.2
1125_20151229_131356_677.jpg,-0.2
bee7_20150829_170455_997.jpg,0.2
62CL_20150215_163701_029.jpg,0.4
6FHF_20150303_113704_239.jpg,-0.4
0543_20150917_181335_316.jpg,-0.2
1125_20151229_134844_324.jpg,-1.0
0382_20150924_091714_809.jpg,-0.3
4KK2_20150906_191912_450.jpg,0.5
c483_20150901_211301_691.jpg,-0.6
4WBR_20150502_163822_691.jpg,0.2
0037_20160719_153201_267.jpg,0.4
1125_20151230_130915_078.jpg,-0.6
0037_20160716_152152_109.jpg,-1.2
6G7M_20150403_132310_827.jpg,0.3
5066_20160722_181437_626.jpg,0.2
4742_20151130_083519_829.jpg,-1.2
0919_20150906_183520_917.jpg,0.3
0155_20160924_175911_043.jpg,0.2
J6VL_20150312_193105_564.jpg,-0.5
1125_20160212_145121_362.jpg,1.0
5a9e_20141008_110242_625.jpg,0.8
47L8_20150503_152823_822.jpg,0.2
J6ZC_20150408_153110_727.jpg,0.4
0382_20150924_100129_683.jpg,0.2
0037_20160716_131039_204.jpg,-0.8
0919_20150906_190430_014.jpg,0.5
5a9e_20150403_181327_943.jpg,-0.8
33TJ_20150616_162650_961.jpg,-0.7
33TJ_20150811_091951_507.jpg,1.2
0919_20150910_145127_585.jpg,0.2
1125_20160212_143458_617.jpg,0.6
0030_20151217_215058_444.jpg,-2.6
5a9e_20141006_162441_581.jpg,0.6
33TJ_20150613_094235_247.jpg,-0.8
0043_20160920_122044_418.jpg,-0.8
0094_20150412_163752_124.jpg,-0.6
33TJ_20150821_115332_658.jpg,-0.8
33TJ_20150612_225842_449.jpg,-1.5
0009_20160702_122411_082.jpg,0.6
1125_20151230_224141_232.jpg,-1.8
1125_20151227_131305_126.jpg,0.6
0919_20150906_141140_768.jpg,0.7
0037_20160716_130708_608.jpg,-0.8
0043_20160917_162724_770.jpg,-0.6
33TJ_20150721_115532_300.jpg,-0.7
6FHF_20150331_114418_018.jpg,-0.4
0039_20141010_173429_047.jpg,1.0
33TJ_20150729_192407_599.jpg,-0.6
0006_20160728_123620_582.jpg,0.6
0039_20141009_183130_302.jpg,0.6
0030_20151021_185533_714.jpg,0.4
0043_20161004_203029_647.jpg,-0.4
5a9e_20150328_175918_327.jpg,0.6
6G7M_20150307_164518_474.jpg,0.6
0830_20151031_160957_690.jpg,0.2
47L8_20150503_135252_676.jpg,0.5
5a9e_20141005_163643_581.jpg,0.4
5a9e_20150327_200911_547.jpg,-1.8
0830_20151114_143151_906.jpg,0.2
6G7M_20150403_154711_214.jpg,-1.3
0047_20160609_120351_312.jpg,-0.8
0030_20151002_150417_927.jpg,-0.2
0830_20151118_144940_074.jpg,-0.6
0127_20161023_105347_078.jpg,0.3
33TJ_20150612_212652_075.jpg,-1.5
4KK2_20150906_132936_860.jpg,0.4
0919_20150906_192307_463.jpg,-0.8
0006_20160731_144029_312.jpg,-0.2
0043_20160917_124123_331.jpg,0.2
1125_20151229_152819_807.jpg,-0.9
0006_20160721_175239_909.jpg,0.2
0006_20160726_152436_393.jpg,-1.5
1125_20151221_133830_637.jpg,0.3
0039_20141008_110319_356.jpg,0.5
0006_20160721_175907_041.jpg,0.4
0382_20150912_130914_161.jpg,0.1
0127_20161018_111650_499.jpg,0.2
4KK2_20150912_131529_344.jpg,0.1
0030_20151026_074104_500.jpg,0.2
0155_20160902_174129_927.jpg,-0.4
4KK2_20150912_123156_662.jpg,0.2
0030_20151212_163441_296.jpg,-1.5
5066_20160630_125957_148.jpg,0.1
0218_20141102_112020_411.jpg,-1.0
6FHF_20150303_173407_964.jpg,0.3
5066_20151225_161553_953.jpg,0.2
4KK2_20150907_125110_713.jpg,-0.3
0919_20150904_213220_048.jpg,-1.0
0919_20150906_183642_104.jpg,0.4
9bf4_20150818_105003_812.jpg,-0.6
c483_20150901_203328_514.jpg,0.3
6FHF_20150331_114005_843.jpg,-0.5
6FHF_20150331_121129_927.jpg,0.2
33TJ_20150606_204808_024.jpg,0.3
5a9e_20150403_175813_827.jpg,0.5
4742_20150919_084910_107.jpg,-0.8
1125_20160405_135707_412.jpg,0.1
1125_20151222_132529_652.jpg,0.2
0382_20150920_125508_110.jpg,0.1
0919_20150905_181735_510.jpg,0.2
4KK2_20150822_131109_147.jpg,-0.2
4WBR_20150502_172652_963.jpg,0.4
0043_20160829_194958_660.jpg,0.2
5066_20160724_121813_812.jpg,0.8
0830_20151121_163211_614.jpg,0.2
0006_20160728_123438_589.jpg,0.8
33TJ_20150819_180730_714.jpg,0.4
5066_20160504_184741_899.jpg,-0.3
0218_20150326_015524_267.jpg,-0.2
62CL_20150124_201237_840.jpg,0.2
0030_20151111_121746_877.jpg,-0.3
0006_20160726_114331_772.jpg,0.2
6G7M_20150403_165723_505.jpg,0.2
33TJ_20150617_171453_776.jpg,0.3
33TJ_20150731_214303_007.jpg,-1.8
0039_20141010_073935_293.jpg,-0.2
0009_20160702_102237_632.jpg,0.4
33TJ_20150721_094604_503.jpg,-0.7
0382_20150913_115214_654.jpg,0.3
6G7M_20150415_135106_727.jpg,0.3
1125_20160405_145101_866.jpg,-0.9
6G7M_20150326_071447_036.jpg,0.5
JN34_20150324_115405_813.jpg,0.6
33TJ_20150621_130131_441.jpg,0.4
0039_20141008_182714_962.jpg,-0.8
0919_20150909_144810_798.jpg,0.5
6G7M_20150328_165857_698.jpg,0.2
5066_20160510_193314_625.jpg,-0.8
6G7M_20150307_163447_739.jpg,0.4
1125_20151222_184850_757.jpg,0.4
47L8_20150701_154757_635.jpg,0.3
0127_20161018_111539_262.jpg,-0.2
0919_20150907_150155_533.jpg,0.4
0155_20160820_152241_396.jpg,-1.8
0155_20160825_111635_786.jpg,0.2
0094_20150411_150646_632.jpg,0.2
0382_20150924_094818_658.jpg,-0.6
4WBR_20150524_141531_912.jpg,-0.4
0037_20160719_131241_393.jpg,0.2
33TJ_20150703_123007_043.jpg,0.2
0006_20160722_133718_986.jpg,0.2
0039_20141008_125649_588.jpg,0.3
0039_20141009_180600_646.jpg,-0.4
0043_20161004_205807_357.jpg,-1.2
0006_20160724_095825_050.jpg,0.7
0043_20160916_081257_754.jpg,0.8
0032_20160918_102841_914.jpg,0.4
6G7M_20150321_132848_847.jpg,0.3
0382_20150919_114017_191.jpg,0.2
6G7M_20150324_215257_828.jpg,0.2
0043_20160830_083130_560.jpg,-1.2
33TJ_20150615_190244_203.jpg,0.5
0382_20150919_124536_450.jpg,-1.5
0155_20160901_184149_317.jpg,0.2
0037_20160716_220244_302.jpg,-1.6
0006_20160723_114724_534.jpg,0.2
0006_20160728_123257_859.jpg,0.6
47L8_20150518_203851_306.jpg,-1.0
0155_20160903_185205_787.jpg,-1.2
33TJ_20150820_132730_502.jpg,-0.1
33TJ_20150819_101051_592.jpg,0.3
0158_20160702_163530_231.jpg,0.2
5a9e_20150207_104233_232.jpg,0.3
33TJ_20150820_174443_599.jpg,0.2
1125_20151227_175921_132.jpg,0.4
1125_20151221_133636_319.jpg,0.3
0155_20160911_124638_006.jpg,0.2
1125_20160318_223415_823.jpg,-0.8
5066_20160519_144642_991.jpg,0.2
6G7M_20150411_121559_231.jpg,0.3
0039_20141009_174759_750.jpg,0.6
33TJ_20150820_125048_881.jpg,-0.5
4WBR_20150524_124751_196.jpg,0.1
0830_20151031_153519_299.jpg,-0.8
4KK2_20150910_145202_958.jpg,0.1
6G7M_20150321_132737_699.jpg,0.2
0043_20160826_141134_428.jpg,0.4
0830_20151121_155852_701.jpg,-0.6
5a9e_20141006_155316_300.jpg,0.4
5a9e_20150403_165620_236.jpg,0.7
0006_20160726_110609_666.jpg,0.2
6G7M_20150411_123508_368.jpg,0.6
0043_20160919_141028_154.jpg,-0.6
0006_20160727_185843_856.jpg,0.8
0043_20160919_140322_736.jpg,0.1
1125_20151229_181409_180.jpg,-1.2
0030_20160606_172053_434.jpg,0.4
1125_20151215_135323_643.jpg,-0.5
0037_20160719_130322_588.jpg,-0.4
0094_20150412_160323_257.jpg,-1.2
1125_20151231_162743_143.jpg,0.2
33TJ_20150607_020736_953.jpg,-0.3
5a9e_20141007_071214_355.jpg,0.3
0043_20161006_131714_583.jpg,0.5
33TJ_20150723_165054_019.jpg,-0.6
6G7M_20150321_151858_636.jpg,0.4
0006_20160723_111812_700.jpg,0.7
33TJ_20150729_152424_644.jpg,0.3
0030_20151007_174627_923.jpg,0.2
0830_20151121_131838_618.jpg,0.2
33TJ_20150626_155034_128.jpg,-1.7
4KK2_20150912_131124_252.jpg,-0.1
0006_20160726_115818_929.jpg,0.2
1125_20151229_161142_193.jpg,-1.0
c1b1_20150424_192343_588.jpg,-0.2
33TJ_20150811_122137_230.jpg,0.4
0009_20160702_115628_380.jpg,0.6
0043_20161007_155849_437.jpg,0.6
33TJ_20150729_173240_706.jpg,0.3
33TJ_20150703_135824_170.jpg,0.4
0043_20161006_123140_986.jpg,0.4
0039_20141010_103151_398.jpg,-0.5
0155_20160819_144612_225.jpg,0.4
6FHF_20150303_171735_940.jpg,0.3
0009_20160709_235737_121.jpg,0.1
0030_20151213_220716_080.jpg,-2.5
0382_20150924_094319_049.jpg,-0.6
33TJ_20150612_201740_439.jpg,0.2
0039_20141007_155149_962.jpg,-0.3
4KK2_20150822_151302_546.jpg,-0.3
0543_20150917_124736_551.jpg,0.1
33TJ_20150722_192704_564.jpg,-1.2
0382_20150924_093909_197.jpg,-0.8
bee7_20150829_152633_092.jpg,0.3
33TJ_20150722_232101_103.jpg,-1.4
0039_20141007_130619_273.jpg,0.2
33TJ_20150702_194358_293.jpg,-0.4
0043_20160825_141254_122.jpg,0.2
5a9e_20150207_134833_157.jpg,0.2
6G7M_20150410_100633_669.jpg,-0.6
4KK2_20150818_113524_323.jpg,-1.2
1125_20151229_113704_668.jpg,-0.3
0043_20161006_141017_615.jpg,0.1
0039_20141005_144507_521.jpg,0.2
0030_20151121_161242_822.jpg,0.2
6G7M_20150321_132525_244.jpg,0.1
33TJ_20150606_200451_239.jpg,0.3
0030_20151217_215906_061.jpg,-2.2
0043_20161006_163112_976.jpg,-0.2
33TJ_20150723_183605_333.jpg,-0.6
0039_20141007_135645_851.jpg,-0.6
0043_20160919_141121_352.jpg,0.2
0030_20151214_101221_477.jpg,0.2
33TJ_20150810_162728_218.jpg,0.3
0919_20150906_142707_242.jpg,0.2
33TJ_20150722_171315_319.jpg,-0.1
33TJ_20150622_205120_825.jpg,0.3
6G7M_20150321_142733_882.jpg,0.2
6G7M_20150307_164205_458.jpg,0.3
6G7M_20150410_063523_792.jpg,-0.3
0039_20141007_160400_337.jpg,-0.5
0830_20151121_114405_195.jpg,-0.5
0043_20160929_140319_848.jpg,0.4
6G7M_20150325_112800_577.jpg,0.2
6G7M_20150321_133837_611.jpg,0.2
33TJ_20150614_021220_582.jpg,-2.5
1125_20151229_192619_429.jpg,0.1
6FHF_20150303_163344_463.jpg,0.3
0218_20150326_015303_286.jpg,-0.3
0006_20160726_184513_697.jpg,0.7
5a9e_20150328_175021_426.jpg,0.2
5066_20160413_174713_867.jpg,-0.5
0830_20151115_125405_411.jpg,-1.2
1125_20151229_183337_322.jpg,-1.0
0919_20150910_143608_358.jpg,-0.6
5066_20160522_122324_828.jpg,0.1
33TJ_20150607_133210_608.jpg,0.4
0039_20141008_134959_010.jpg,0.4
0039_20141009_162226_419.jpg,0.3
0039_20141006_110442_472.jpg,0.6
0039_20141005_133625_630.jpg,-1.2
5a9e_20150403_125046_543.jpg,-0.2
33TJ_20150723_141140_263.jpg,-1.1
0919_20150906_193146_584.jpg,0.3
JN34_20150319_183334_317.jpg,0.6
0043_20160920_122001_303.jpg,-0.4
0272_20160521_145855_568.jpg,0.1
0006_20160726_111446_725.jpg,1.0
0063_20160723_132803_334.jpg,0.6
6G7M_20150411_131917_938.jpg,0.4
6FHF_20150303_112002_929.jpg,-0.6
0382_20150916_194458_576.jpg,-0.2
0030_20151009_173835_414.jpg,0.2
33TJ_20150731_221900_339.jpg,-1.6
0037_20160719_152735_706.jpg,-1.0
1125_20151227_114940_540.jpg,1.0
6FHF_20150331_113841_135.jpg,-0.5
JN34_20150324_143321_433.jpg,0.1
6G7M_20150321_121804_401.jpg,0.2
6G7M_20150328_173924_521.jpg,-0.5
0006_20160721_190736_527.jpg,1.5
4KK2_20150823_123406_838.jpg,0.3
1125_20160214_141733_646.jpg,1.0
1125_20151227_182145_759.jpg,0.5
0043_20160923_202733_244.jpg,-1.2
0030_20151217_214652_729.jpg,-1.3
0919_20150906_190051_903.jpg,0.8
0039_20141005_144713_643.jpg,-2.0
0919_20150906_172244_696.jpg,0.1
0127_20161018_114408_930.jpg,0.2
6G7M_20150415_200720_130.jpg,-0.4
5a9e_20141007_173602_240.jpg,0.3
4KK2_20150824_211706_876.jpg,0.2
33TJ_20150613_092234_132.jpg,-1.0
5a9e_20150328_155342_009.jpg,-0.4
0272_20151216_000427_789.jpg,-2.4
4KK2_20150905_223505_970.jpg,0.3
1125_20160221_124905_739.jpg,0.2
0043_20161006_092126_299.jpg,0.2
0006_20160723_110036_978.jpg,0.5
0089_20160630_201601_689.jpg,-0.2
5066_20160722_143102_699.jpg,0.2
0039_20141010_102444_567.jpg,0.3
5066_20160418_191152_421.jpg,0.2
6FHF_20150303_171347_212.jpg,0.3
5066_20160413_173908_648.jpg,0.4
0543_20150917_181250_011.jpg,0.2
0158_20160702_163632_918.jpg,-0.2
0155_20160829_153348_684.jpg,0.2
0037_20160719_151748_806.jpg,-2.3
0043_20160919_140427_359.jpg,0.2
0037_20160719_124159_756.jpg,-0.6
0127_20161105_180658_302.jpg,-0.8
5a9e_20141006_124019_588.jpg,0.4
5066_20160722_162127_555.jpg,0.2
0382_20150924_101952_099.jpg,0.2
0155_20160831_125547_015.jpg,-0.4
0039_20141008_120309_685.jpg,0.6
6G7M_20150314_163730_696.jpg,0.3
0543_20150918_162825_598.jpg,0.2
6G7M_20150325_090246_056.jpg,-0.8
0919_20150905_185601_046.jpg,-1.6
0382_20150913_131326_907.jpg,0.1
33TJ_20150626_104742_529.jpg,0.4
0919_20150906_125531_061.jpg,0.3
6G7M_20150314_153256_829.jpg,0.2
0382_20150913_114300_821.jpg,0.2
1125_20151201_114855_899.jpg,-1.1
0382_20150913_114612_462.jpg,0.2
6G7M_20150415_135337_487.jpg,-0.8
6G7M_20150419_024132_249.jpg,0.1
0006_20160726_184035_061.jpg,0.5
0218_20150326_021000_846.jpg,0.1
0043_20161025_115035_124.jpg,-0.3
1125_20151229_131635_681.jpg,0.1
33TJ_20150811_093420_941.jpg,0.9
5066_20160413_171343_904.jpg,-0.8
9bf4_20150820_211911_004.jpg,-1.2
33TJ_20150626_160345_848.jpg,-0.8
0009_20160702_114028_760.jpg,0.5
0155_20161002_145145_822.jpg,1.0
0127_20161022_143724_677.jpg,0.2
0127_20161022_135422_166.jpg,-0.8
0043_20161102_120208_891.jpg,-0.6
0919_20150905_130008_575.jpg,0.2
0272_20151215_234125_826.jpg,-2.2
0039_20141009_125305_217.jpg,0.4
c1b1_20150424_203727_155.jpg,0.3
47L8_20150518_144020_604.jpg,0.3
33TJ_20150607_030926_189.jpg,-1.0
4KK2_20150808_205035_858.jpg,-0.7
1125_20160317_163426_509.jpg,-1.6
0543_20150918_131142_984.jpg,0.2
0094_20150412_141243_312.jpg,-1.2
0043_20161103_114437_266.jpg,-0.4
bee7_20150829_162853_409.jpg,0.3
4KK2_20150829_152312_162.jpg,0.3
1125_20151201_112838_120.jpg,0.3
6G7M_20150307_170702_579.jpg,0.2
6G7M_20150307_143358_534.jpg,-1.6
6G7M_20150321_130558_040.jpg,0.3
0043_20160917_144426_578.jpg,0.4
0009_20160710_010252_423.jpg,0.2
0006_20160723_102651_219.jpg,0.4
JN34_20150319_184251_978.jpg,-0.6
0043_20160928_085703_279.jpg,0.1
0006_20160727_184059_286.jpg,0.6
c1b1_20150408_183259_217.jpg,0.2
0244_20151010_161251_837.jpg,-0.2
5a9e_20150328_171926_643.jpg,-0.8
62CL_20150215_175353_555.jpg,0.3
6G7M_20150312_211340_717.jpg,-0.2
1125_20151227_130109_767.jpg,1.0
0218_20141031_200954_989.jpg,0.2
0382_20150924_092634_617.jpg,-0.8
0030_20151008_091558_025.jpg,0.4
0039_20141009_145905_355.jpg,0.2
0919_20150910_150447_425.jpg,-0.6
0039_20141009_122555_624.jpg,0.5
6FHF_20150303_112816_367.jpg,-0.4
1125_20151229_140530_483.jpg,0.2
0543_20150918_134348_585.jpg,0.3
0919_20150904_202901_241.jpg,-2.8
47L8_20150516_103434_989.jpg,0.3
6G7M_20150404_103240_200.jpg,0.2
33TJ_20150621_130516_403.jpg,0.3
0919_20150905_181616_399.jpg,0.4
0272_20151215_234251_014.jpg,-2.8
4WBR_20150518_220043_675.jpg,-0.8
JN34_20150321_145120_500.jpg,0.6
0543_20150918_202933_458.jpg,-2.6
33TJ_20150810_194922_367.jpg,-0.4
6FHF_20150307_115237_712.jpg,-0.8
0919_20150910_145833_189.jpg,0.4
0244_20151010_145826_132.jpg,-0.4
0919_20150905_181757_551.jpg,0.5
5a9e_20150404_122216_530.jpg,-0.3
4KK2_20150829_195420_618.jpg,-0.6
0127_20161026_204751_590.jpg,-1.0
4WBR_20150502_163339_346.jpg,0.2
0043_20161006_114448_118.jpg,-0.3
5066_20151224_235130_013.jpg,0.2
0030_20151121_133848_784.jpg,-0.9
0043_20161005_181450_932.jpg,0.4
synthetic_lines_day_motion_blur.jpg,1.8
0218_20141031_201647_958.jpg,-0.7
6G7M_20150307_165544_629.jpg,0.8
4KK2_20150818_110010_197.jpg,0.2
0244_20151010_183930_844.jpg,0.2
0155_20160903_112622_626.jpg,-0.4
33TJ_20150723_155547_550.jpg,0.2
0155_20160902_173031_615.jpg,-0.4
4WBR_20150502_122612_653.jpg,0.1
0218_20150326_013619_169.jpg,-1.2
0830_20151121_162852_329.jpg,0.2
5a9e_20150403_093136_401.jpg,-0.5
62CL_20150215_180549_095.jpg,0.2
0094_20150411_151345_904.jpg,-1.2
0009_20160702_164047_896.jpg,0.2
c1b1_20150312_205341_059.jpg,-0.8
0058_20160924_061230_339.jpg,-1.0
5066_20160722_161922_515.jpg,-0.2
0043_20161001_194003_526.jpg,-0.4
J6ZC_20150408_152750_288.jpg,-0.5
4KK2_20150823_142209_162.jpg,0.2
0030_20151217_215530_321.jpg,-2.0
0006_20160726_152445_631.jpg,-1.0
4KK2_20150822_213950_174.jpg,-0.8
0039_20141006_101759_294.jpg,0.4
6G7M_20150307_072320_332.jpg,-0.3
33TJ_20150811_102502_089.jpg,0.5
9bf4_20150818_173806_301.jpg,0.1
0039_20141006_102026_258.jpg,-0.2
0543_20150917_131422_530.jpg,0.1
6FHF_20150303_164532_213.jpg,0.2
1125_20151229_202351_836.jpg,-0.8
0043_20160826_084323_135.jpg,0.1
33TJ_20150627_134328_841.jpg,-0.6
0382_20150919_144537_739.jpg,0.2
1125_20151227_114800_353.jpg,0.8
0089_20160701_175557_524.jpg,-0.6
6G7M_20150317_192221_745.jpg,0.2
bee7_20150829_153217_827.jpg,0.2
33TJ_20150823_172233_530.jpg,-0.4
0919_20150905_185524_614.jpg,-1.6
0006_20160722_183126_963.jpg,0.8
5066_20151225_161522_927.jpg,0.2
6FHF_20150307_150747_547.jpg,0.6
33TJ_20150722_191632_517.jpg,0.3
6G7M_20150307_143019_798.jpg,0.5
0127_20161112_144552_862.jpg,-0.8
0919_20150906_134656_751.jpg,0.4
0155_20160926_214106_516.jpg,0.8
5066_20160722_163647_074.jpg,-1.0
33TJ_20150811_142451_353.jpg,0.7
5a9e_20150404_140441_666.jpg,-0.8
4KK2_20150824_210658_184.jpg,-0.4
1125_20151229_183311_236.jpg,0.2
0043_20160919_142207_059.jpg,0.4
5a9e_20141005_135653_367.jpg,0.4
0043_20161005_161526_920.jpg,0.4
0039_20141006_152029_108.jpg,0.2
0919_20150904_202209_825.jpg,-2.6
0919_20150909_141327_064.jpg,0.3
0043_20161102_162132_031.jpg,0.4
0043_20160829_165126_887.jpg,0.2
0006_20160730_162019_373.jpg,-0.5
0039_20141006_155340_624.jpg,0.2
0919_20150906_191651_874.jpg,0.4
6FHF_20150303_142127_997.jpg,-0.8
4WBR_20150503_172344_074.jpg,0.3
c1b1_20150312_141022_171.jpg,1.2
0006_20160727_184057_858.jpg,0.5
5a9e_20150209_092856_081.jpg,0.3
synthetic_bullseye_hawk_day.jpg,0.5
33TJ_20150622_210007_844.jpg,-0.5
0043_20161006_120256_506.jpg,0.1
4KK2_20150905_191544_864.jpg,0.1
0919_20150906_192348_560.jpg,-1.0
0006_20160721_191300_295.jpg,0.5
4KK2_20150818_104758_659.jpg,-0.8
0030_20160606_182310_470.jpg,-0.3
0155_20160903_113232_657.jpg,0.4
0244_20151010_133644_271.jpg,-1.8
0830_20151107_134234_378.jpg,0.2
9bf4_20150822_102858_566.jpg,-0.6
9bf4_20150820_211653_358.jpg,-1.2
5066_20160416_180325_227.jpg,0.1
6G7M_20150403_174605_886.jpg,0.2
0919_20150906_134149_704.jpg,-0.4
4KK2_20150808_175638_125.jpg,0.8
5066_20160416_170327_338.jpg,0.3
bee7_20150818_110335_698.jpg,0.3
1125_20151201_113348_033.jpg,0.2
0063_20160723_131851_898.jpg,0.4
33TJ_20150810_170920_031.jpg,0.1
0094_20150412_141614_673.jpg,-2.6
0039_20141008_195913_816.jpg,-0.2
33TJ_20150821_115034_013.jpg,0.4
1125_20151223_141123_686.jpg,0.3
0037_20160716_205723_768.jpg,-0.8
5a9e_20141006_154035_187.jpg,0.6
0039_20141009_155014_083.jpg,0.6
0382_20150924_101237_198.jpg,-0.4
0155_20160816_120617_549.jpg,-0.6
5a9e_20141005_162240_437.jpg,-0.3
9bf4_20150824_204044_938.jpg,-0.2
9bf4_20150822_151547_314.jpg,0.2
5a9e_20141005_140101_149.jpg,-0.3
6G7M_20150307_164729_482.jpg,0.6
1125_20151223_141115_797.jpg,0.3
4KK2_20150910_141557_873.jpg,-0.8
1125_20151224_145532_703.jpg,0.6
33TJ_20150616_222142_779.jpg,-1.4
0037_20160719_123040_263.jpg,-2.0
J6ZC_20150408_180844_031.jpg,0.4
0382_20150924_085908_990.jpg,-0.4
0919_20150906_230115_868.jpg,-1.2
0039_20141010_164344_932.jpg,0.6
47L8_20150516_182329_061.jpg,0.4
4KK2_20150822_145827_428.jpg,-1.1
4KK2_20150829_151516_989.jpg,0.2
33TJ_20150819_102915_732.jpg,0.0
5a9e_20150403_214522_398.jpg,-0.2
0272_20151216_000547_839.jpg,-2.2
6G7M_20150328_171749_430.jpg,0.2
6FHF_20150307_153355_468.jpg,-0.9
0127_20161104_044641_827.jpg,0.2
1125_20151222_175613_894.jpg,0.6
33TJ_20150722_152947_856.jpg,-0.6
0155_20160810_215900_160.jpg,0.2
0155_20160904_145748_175.jpg,0.2
6G7M_20150328_164127_854.jpg,0.3
5066_20160418_190943_483.jpg,0.2
0155_20160731_130347_204.jpg,0.1
0919_20150910_150348_798.jpg,0.4
0009_20160703_155713_789.jpg,0.1
9bf4_20150818_013252_908.jpg,-0.5
5a9e_20150328_160138_637.jpg,-0.4
5a9e_20141006_152046_066.jpg,0.4
0043_20160825_144309_236.jpg,0.4
0830_20151121_130942_445.jpg,-1.2
0043_20160922_205148_972.jpg,-2.2
0244_20151011_125939_846.jpg,0.1
0094_20150412_142353_605.jpg,0.2
0039_20141008_183430_454.jpg,-1.1
0039_20141010_181002_311.jpg,0.8
0155_20161002_145356_584.jpg,0.8
0155_20160924_180839_789.jpg,0.3
5a9e_20141006_213702_813.jpg,0.1
0039_20141009_151212_565.jpg,-0.6
0043_20160830_213339_338.jpg,-1.2
6G7M_20150312_210559_972.jpg,-0.2
0919_20150910_142638_962.jpg,-0.4
0155_20160816_114911_369.jpg,0.2
1125_20151231_161423_272.jpg,0.2
0218_20141031_190929_755.jpg,-1.0
5a9e_20141006_153319_375.jpg,0.4
9bf4_20150822_224442_767.jpg,0.2
0006_20160731_144027_120.jpg,-0.1
0043_20161006_101345_371.jpg,-0.5
6G7M_20150413_163215_207.jpg,0.3
1125_20160405_135506_765.jpg,0.2
0155_20160903_185515_259.jpg,-1.4
1125_20151226_204606_484.jpg,-0.6
0047_20160531_114042_487.jpg,-0.4
0006_20160731_155622_094.jpg,-0.4
0043_20160917_165110_166.jpg,0.2
6G7M_20150408_110030_582.jpg,0.5
6G7M_20150328_191742_136.jpg,0.2
c1b1_20150228_213436_045.jpg,-1.2
0043_20160831_105622_073.jpg,0.3
0037_20160719_150739_752.jpg,-0.4
0030_20151217_215916_048.jpg,-2.0
5030_20150913_114646_870.jpg,0.2
62CL_20150215_163430_466.jpg,0.1
5a9e_20141008_114608_936.jpg,0.9
5a9e_20150328_161835_347.jpg,0.2
0006_20160723_112111_708.jpg,0.5
6G7M_20150417_185141_031.jpg,0.2
0155_20160728_102507_313.jpg,-1.2
0094_20150410_012032_207.jpg,-1.0
0043_20161006_170103_246.jpg,-0.2
0272_20151215_235328_911.jpg,-3.2
0155_20160927_142033_473.jpg,0.2
0006_20160721_175246_335.jpg,0.7
6FHF_20150307_131704_518.jpg,0.4
0919_20150906_180608_973.jpg,0.4
6G7M_20150310_214842_527.jpg,-0.8
33TJ_20150821_173902_341.jpg,0.3
6FHF_20150303_172827_846.jpg,0.2
JN34_20150324_145957_989.jpg,0.3
4KK2_20150822_213842_555.jpg,-0.7
6FHF_20150307_131130_552.jpg,0.4
0155_20160903_181846_252.jpg,-0.8
0047_20160604_132648_457.jpg,-1.2
0043_20160920_121228_661.jpg,-0.2
1125_20151215_132924_684.jpg,-0.6
4742_20150918_190506_110.jpg,0.5
4WBR_20150502_130853_342.jpg,0.1
4742_20150919_084829_147.jpg,-0.8
33TJ_20150810_140637_256.jpg,0.4
0158_20160702_164500_736.jpg,-0.2
0043_20160825_140529_089.jpg,-0.2
0006_20160723_183435_564.jpg,0.3
0063_20160723_193413_056.jpg,0.2
33TJ_20150606_192425_484.jpg,0.3
5066_20160722_100609_121.jpg,0.2
1125_20151227_114934_884.jpg,1.0
0047_20160531_115849_390.jpg,0.3
0155_20160924_171701_703.jpg,-1.0
0218_20141102_152013_042.jpg,-0.4
4KK2_20150829_145324_449.jpg,0.6
1125_20151230_113225_061.jpg,-0.4
0127_20161112_104411_527.jpg,-0.4
4WBR_20150526_194839_057.jpg,0.2
0039_20141006_105528_215.jpg,-0.4
4KK2_20150906_184633_525.jpg,0.5
4742_20151130_140012_477.jpg,0.2
0006_20160722_100954_713.jpg,0.4
0043_20160920_121654_480.jpg,0.2
0006_20160722_163801_510.jpg,-0.5
5a9e_20150403_161113_291.jpg,-0.4
J6VL_20150312_212448_278.jpg,-0.8
5a9e_20141008_180618_598.jpg,0.4
0039_20141009_180342_102.jpg,-0.4
4KK2_20150818_161615_230.jpg,0.4
0127_20161018_111758_117.jpg,0.2
1125_20151228_161146_330.jpg,0.2
1125_20151229_181701_363.jpg,-3.6
0039_20141010_101051_590.jpg,0.2
5a9e_20141005_133455_397.jpg,-0.3
1125_20151201_115907_627.jpg,0.2
c1b1_20150226_144326_422.jpg,0.2
6G7M_20150307_164429_082.jpg,0.6
0030_20151213_163452_377.jpg,-1.8
6G7M_20150321_151647_825.jpg,0.3
0043_20161007_132219_130.jpg,0.5
0543_20150918_191324_709.jpg,-1.0
4KK2_20150829_192723_217.jpg,-1.3
0009_20160703_160626_325.jpg,0.6
6FHF_20150303_114623_545.jpg,-0.4
1125_20151201_113231_331.jpg,-0.8
5a9e_20150327_201234_452.jpg,-1.4
0043_20160830_103904_917.jpg,0.6
5066_20160416_130759_655.jpg,0.2
JN34_20150328_180912_562.jpg,1.0
0382_20150924_100900_333.jpg,0.1
0043_20160825_111948_930.jpg,-0.4
c1b1_20150311_113016_407.jpg,-0.6
1125_20151222_114746_753.jpg,0.4
1125_20151227_113942_404.jpg,1.0
33TJ_20150616_174447_472.jpg,0.1
0009_20160702_110811_693.jpg,0.1
c483_20150901_195159_785.jpg,0.4
33TJ_20150607_155150_221.jpg,-0.2
62CL_20150125_141029_055.jpg,-0.5
0127_20161112_154016_765.jpg,0.2
c483_20150901_194031_640.jpg,-0.6
0009_20160712_114644_247.jpg,0.6
0155_20161002_144146_474.jpg,0.8
0155_20160730_145721_923.jpg,-0.6
0043_20160921_140452_075.jpg,-0.6
J6ZC_20150408_183124_341.jpg,0.2
0043_20160826_153706_995.jpg,0.8
0009_20160710_122940_904.jpg,-1.5
0032_20160918_102808_766.jpg,0.4
4KK2_20150905_165606_545.jpg,-0.3
6G7M_20150418_221014_105.jpg,-1.8
0155_20160902_143858_975.jpg,0.3
9dd3_20151219_141136_915.jpg,0.2
JN34_20150328_181324_374.jpg,0.7
4KK2_20150910_131804_951.jpg,0.1
0155_20160903_150944_775.jpg,0.2
4KK2_20150829_152712_990.jpg,0.5
33TJ_20150810_170510_959.jpg,0.1
0382_20150912_122903_373.jpg,-1.0
0006_20160722_095223_970.jpg,-0.5
6G7M_20150308_142910_082.jpg,0.3
c483_20150901_203352_369.jpg,0.4
0039_20141010_164035_814.jpg,0.3
0043_20160917_165849_612.jpg,-0.2
6G7M_20150403_160129_600.jpg,0.4
6FHF_20150308_130849_627.jpg,0.1
6G7M_20150409_220353_794.jpg,-0.4
0830_20151127_162114_447.jpg,0.2
0127_20161104_052200_995.jpg,-0.4
5a9e_20150328_173043_297.jpg,0.4
4742_20150917_124118_714.jpg,0.3
0043_20161007_160003_386.jpg,0.6
0030_20151021_185541_682.jpg,0.2
33TJ_20150621_125459_047.jpg,0.2
1125_20151226_115155_092.jpg,0.1
4KK2_20150822_191121_138.jpg,0.1
c1b1_20150424_192955_365.jpg,0.4
33TJ_20150819_201808_116.jpg,-1.2
33TJ_20150625_052643_048.jpg,-0.4
1125_20151201_114138_720.jpg,-0.6
5066_20160724_102037_573.jpg,0.3
0155_20160901_152757_064.jpg,0.2
0039_20141008_114715_039.jpg,0.2
0127_20161026_204800_472.jpg,-0.9
c483_20150901_195129_929.jpg,0.3
5066_20160416_142653_829.jpg,0.2
bee7_20150818_110344_258.jpg,0.4
0043_20160916_081536_125.jpg,0.8
6G7M_20150418_235428_090.jpg,-2.8
0272_20151215_235321_128.jpg,-3.0
0218_20141101_214150_749.jpg,-0.6
0543_20150918_202828_184.jpg,-3.2
6G7M_20150403_181933_693.jpg,0.3
0919_20150905_100607_600.jpg,0.2
bee7_20150829_170322_818.jpg,0.2
0382_20150920_115010_378.jpg,0.1
JN34_20150324_113215_615.jpg,0.4
5a9e_20141006_213427_605.jpg,0.1
0919_20150906_182417_270.jpg,0.4
0009_20160703_185955_263.jpg,0.5
1125_20151201_115756_359.jpg,0.2
0127_20161030_123027_668.jpg,-1.6
6G7M_20150328_161348_719.jpg,0.2
5a9e_20141008_114426_094.jpg,0.8
bee7_20150829_162341_114.jpg,0.2
0094_20150410_012305_424.jpg,-1.0
1125_20151231_123406_793.jpg,-0.7
5a9e_20150404_123212_314.jpg,0.2
1125_20151229_174356_901.jpg,-0.5
33TJ_20150810_162635_811.jpg,0.4
0006_20160727_191129_186.jpg,0.3
J6VL_20150312_153630_516.jpg,0.6
4KK2_20150906_175219_465.jpg,0.3
6G7M_20150321_184320_157.jpg,0.6
0030_20151217_213115_374.jpg,-0.6
0006_20160727_194833_362.jpg,-0.7
0830_20151107_170240_297.jpg,-1.2
0830_20151107_165912_912.jpg,-1.8
0919_20150907_150451_022.jpg,0.4
0043_20160825_173204_364.jpg,0.2
0043_20160830_112830_923.jpg,0.2
1125_20151201_114642_449.jpg,-1.2
6G7M_20150324_215003_680.jpg,-0.3
33TJ_20150626_155352_601.jpg,-0.7
33TJ_20150810_162520_459.jpg,0.3
0039_20141006_110205_172.jpg,0.2
0218_20141031_195419_627.jpg,-1.2
33TJ_20150812_151842_736.jpg,0.2
5a9e_20141007_173502_483.jpg,0.3
0919_20150910_151000_841.jpg,-0.8
6G7M_20150321_140506_388.jpg,0.3
9bf4_20150824_203520_333.jpg,-0.3
33TJ_20150615_190619_266.jpg,0.5
6FHF_20150307_154113_351.jpg,0.3
J6ZC_20150408_153910_977.jpg,-0.4
6G7M_20150307_164033_026.jpg,0.8
0039_20141007_161229_578.jpg,-0.6
33TJ_20150820_180403_156.jpg,0.2
0382_20150924_093447_259.jpg,0.2
5a9e_20150403_152141_031.jpg,0.3
33TJ_20150614_232110_642.jpg,-1.4
0094_20150411_150208_053.jpg,0.2
bee7_20150829_161616_202.jpg,-0.6
0043_20160830_082417_854.jpg,0.2
47L8_20150517_182248_687.jpg,0.2
6G7M_20150415_200543_184.jpg,-0.6
1125_20151224_230434_879.jpg,-0.8
0030_20151217_215415_501.jpg,-2.2
0919_20150906_194145_478.jpg,0.2
0830_20151107_133209_737.jpg,0.2
33TJ_20150810_160003_542.jpg,0.2
1125_20160402_103118_304.jpg,0.3
4KK2_20150829_150312_846.jpg,-0.5
1125_20151226_121320_477.jpg,0.3
0043_20160916_114310_925.jpg,-1.0
synthetic_boxes_night_motion_blur.jpg,2.4
47L8_20150515_220716_310.jpg,-1.8
4W8F_20150424_192409_034.jpg,-0.5
J6VL_20150312_212616_288.jpg,-1.2
1125_20160317_211136_148.jpg,-1.6
62CL_20150213_171156_704.jpg,0.1
0039_20141008_184312_987.jpg,-0.8
1125_20151228_161250_302.jpg,0.2
1125_20151220_163014_448.jpg,-0.4
5a9e_20150328_160749_925.jpg,0.2
6G7M_20150326_065154_863.jpg,0.4
0009_20160702_183724_644.jpg,-1.2
0919_20150905_155514_355.jpg,0.3
33TJ_20150606_203128_570.jpg,0.3
0543_20150917_155219_853.jpg,-1.2
4KK2_20150818_114734_672.jpg,0.2
c1b1_20150311_204258_018.jpg,-3.0
6FHF_20150303_113426_967.jpg,-0.5
5a9e_20141005_140432_582.jpg,0.2
0043_20160917_170029_495.jpg,-0.6
1125_20151225_175502_239.jpg,0.6
4KK2_20150829_124451_187.jpg,0.6
0009_20160712_111707_648.jpg,0.3
0158_20160702_164245_275.jpg,0.3
6G7M_20150403_154527_755.jpg,-0.6
0043_20160826_183912_583.jpg,-0.4
33TJ_20150731_191218_412.jpg,0.1
5066_20160724_121618_110.jpg,0.3
1125_20151231_161346_395.jpg,0.2
6FHF_20150303_165703_676.jpg,0.4
0030_20151007_174017_004.jpg,0.4
5a9e_20150328_175232_109.jpg,0.4
33TJ_20150823_172341_311.jpg,-0.6
0030_20160606_210202_623.jpg,-0.8
0043_20161006_151508_269.jpg,0.2
0039_20141006_105601_560.jpg,0.4
0009_20160702_084006_664.jpg,-0.6
6G7M_20150328_174816_730.jpg,0.2
0030_20151007_174433_246.jpg,0.3
0047_20160531_120824_983.jpg,-0.4
33TJ_20150820_171943_379.jpg,0.5
0830_20151107_133225_793.jpg,0.4
1125_20151220_162124_689.jpg,0.2
1125_20151201_114527_903.jpg,-1.2
c1b1_20150115_172551_734.jpg,0.1
1125_20151201_120117_236.jpg,0.3
bee7_20150829_155229_854.jpg,0.3
0218_20141031_195338_378.jpg,-1.8
0919_20150910_141827_559.jpg,0.2
4KK2_20150808_193139_568.jpg,-0.8
9bf4_20150824_210856_644.jpg,-0.5
1125_20151222_131736_361.jpg,0.3
0063_20160723_203154_834.jpg,-0.8
0919_20150906_174703_237.jpg,-0.4
33TJ_20150819_103045_646.jpg,0.3
0043_20160916_154707_753.jpg,0.2
0006_20160721_170707_736.jpg,0.3
33TJ_20150723_175821_159.jpg,0.1
0043_20160921_140433_327.jpg,-0.2
c1b1_20150311_210913_016.jpg,0.2
6FHF_20150303_113141_803.jpg,-0.4
0919_20150906_230456_497.jpg,0.2
6G7M_20150323_174813_292.jpg,0.2
0382_20150919_132202_735.jpg,0.1
J6ZC_20150408_182800_017.jpg,0.2
4KK2_20150822_213517_469.jpg,-0.6
0919_20150904_204532_528.jpg,-2.6
1125_20151229_132002_903.jpg,0.2
0155_20161002_142748_614.jpg,-1.2
6G7M_20150404_132524_360.jpg,-0.6
bee7_20150829_134936_003.jpg,-0.1
0919_20150906_192838_665.jpg,0.4
33TJ_20150607_130024_499.jpg,0.2
0043_20160918_180213_814.jpg,-0.2
0043_20160920_121635_612.jpg,-0.6
0382_20150913_131719_918.jpg,-0.8
J6VL_20150312_150212_918.jpg,0.2
0037_20160716_115207_833.jpg,0.2
0043_20160917_133155_527.jpg,-0.8
0830_20151101_122953_687.jpg,0.2
0830_20151121_134739_632.jpg,-0.6
0043_20160925_112411_187.jpg,0.2
0382_20150919_125255_895.jpg,-1.8
1125_20151222_145832_167.jpg,1.0
0127_20161112_123647_404.jpg,-1.0
4WBR_20150516_112748_501.jpg,0.4
4WBR_20150518_205028_848.jpg,-0.4
0382_20150920_125641_558.jpg,0.1
0543_20150918_180006_247.jpg,0.2
0543_20150918_191212_175.jpg,-1.0
6G7M_20150404_001600_229.jpg,-0.8
33TJ_20150811_125950_473.jpg,0.1
6G7M_20150404_130348_582.jpg,0.3
0830_20151121_170747_234.jpg,0.3
9dd3_20151219_141013_466.jpg,0.4
33TJ_20150613_094118_576.jpg,-0.6
0919_20150905_115651_040.jpg,0.2
0919_20150910_142359_112.jpg,-0.4
0382_20150924_102129_134.jpg,0.2
c1b1_20141007_234744_960.jpg,0.5
c1b1_20150312_205541_959.jpg,-0.4
0919_20150907_125300_306.jpg,0.1
0155_20160901_184848_216.jpg,0.2
0043_20161007_155817_271.jpg,0.3
4WBR_20150524_130505_116.jpg,0.6
6FHF_20150307_153527_809.jpg,-0.6
0919_20150906_180737_024.jpg,0.4
4WBR_20150422_220522_541.jpg,0.4
5066_20160416_100326_498.jpg,0.4
4WBR_20150502_141921_814.jpg,0.8
1125_20151227_114543_554.jpg,1.0
6G7M_20150321_131546_612.jpg,0.4
6G7M_20150408_213725_267.jpg,-0.6
1125_20151215_173536_257.jpg,0.3
0244_20151010_115936_153.jpg,0.2
4KK2_20150910_142428_551.jpg,-0.7
0155_20160902_141718_099.jpg,0.2
0039_20141010_103042_196.jpg,-1.2
6G7M_20150328_165555_633.jpg,0.6
0919_20150910_150157_949.jpg,-0.6
5066_20160724_095739_513.jpg,0.5
bee7_20150818_171325_401.jpg,0.3
4KK2_20150829_162421_997.jpg,-0.6
1125_20151221_200539_802.jpg,0.3
1125_20151231_125344_356.jpg,0.2
0006_20160727_190705_334.jpg,0.6
0155_20160819_145132_296.jpg,0.6
0043_20160825_103607_116.jpg,-0.5
6G7M_20150408_131707_351.jpg,0.3
5066_20160722_183748_389.jpg,-0.2
0080_20141101_184631_910.jpg,-0.8
0830_20151121_145338_824.jpg,-0.6
5a9e_20150403_093521_732.jpg,-0.3
1125_20151229_171515_273.jpg,-1.2
0155_20160831_133135_388.jpg,-0.4
0030_20151007_175050_167.jpg,0.4
0039_20141005_164836_511.jpg,-1.8
5a9e_20141006_155605_540.jpg,0.3
0089_20160701_122353_269.jpg,-0.6
0039_20141006_103802_083.jpg,0.6
5a9e_20141005_144419_100.jpg,0.3
bee7_20150818_105433_728.jpg,-0.7
6G7M_20150403_190209_389.jpg,0.3
0155_20160821_122245_887.jpg,-1.2
4WBR_20150524_124430_474.jpg,0.1
0830_20151121_145405_883.jpg,-0.5
4WBR_20150507_201013_350.jpg,0.4
0127_20161105_122459_148.jpg,-0.4
0919_20150906_134541_356.jpg,0.3
5066_20160721_183005_439.jpg,0.1
1125_20151229_183927_433.jpg,0.2
5066_20160416_114622_891.jpg,-0.2
33TJ_20150722_193649_052.jpg,0.1
0043_20161007_184204_816.jpg,-0.4
1125_20151221_130739_928.jpg,0.3
4KK2_20150818_121109_368.jpg,-0.9
0039_20141009_123629_074.jpg,0.2
6G7M_20150308_142824_049.jpg,0.4
6G7M_20150307_163718_374.jpg,0.5
62CL_20150213_172038_343.jpg,0.4
0043_20161007_112017_716.jpg,-0.4
1125_20151229_145316_434.jpg,0.2
0030_20151007_174301_672.jpg,0.3
33TJ_20150729_180856_749.jpg,-1.0
6G7M_20150307_143853_529.jpg,0.3
33TJ_20150625_150159_758.jpg,0.1
6FHF_20150308_122228_886.jpg,0.2
33TJ_20150819_201948_311.jpg,-2.8
1125_20151225_184038_764.jpg,-0.2
0037_20160719_154035_006.jpg,-1.2
4742_20150918_130425_235.jpg,-0.9
0039_20141006_160827_170.jpg,-0.7
1125_20151201_114810_709.jpg,-1.1
0039_20141005_163731_148.jpg,-0.8
4WBR_20150502_171108_123.jpg,0.4
0919_20150904_212641_000.jpg,-0.8
0218_20141102_112206_242.jpg,-0.4
6G7M_20150314_155743_909.jpg,0.3
0830_20151121_170147_293.jpg,0.2
4WBR_20150524_140329_777.jpg,-0.4
33TJ_20150612_230608_795.jpg,-1.5
0218_20141031_194219_311.jpg,-0.6
0543_20150917_132714_155.jpg,0.2
4KK2_20150910_140830_996.jpg,-0.7
0006_20160726_113546_286.jpg,0.4
33TJ_20150616_172624_510.jpg,0.1
0244_20151010_111101_859.jpg,-0.8
6G7M_20150307_164618_967.jpg,0.5
0039_20141008_195433_254.jpg,-1.2
0037_20160719_162557_513.jpg,-0.4
33TJ_20150811_124010_270.jpg,0.7
0043_20161006_150815_145.jpg,0.2
33TJ_20150819_101944_143.jpg,0.4
0043_20161007_145323_296.jpg,0.2
0155_20160903_181732_667.jpg,0.1
0094_20150411_150006_670.jpg,0.0
0037_20160716_220516_558.jpg,-2.6
5066_20160721_145428_084.jpg,0.3
4742_20150918_130753_206.jpg,0.2
0155_20160817_141742_989.jpg,-1.0
0382_20150919_113453_008.jpg,0.7
bee7_20150829_155636_719.jpg,0.2
0039_20141007_172940_005.jpg,0.3
6G7M_20150411_183803_226.jpg,0.4
0043_20161026_081505_301.jpg,-0.4
33TJ_20150821_191251_955.jpg,-0.5
0155_20160731_130223_838.jpg,-0.8
33TJ_20150606_190715_559.jpg,0.8
0030_20151007_174414_252.jpg,0.3
0009_20160709_211245_216.jpg,-0.6
0919_20150906_172020_374.jpg,0.3
5066_20160722_134832_138.jpg,-0.2
4KK2_20150818_113752_058.jpg,-1.0
0043_20160922_133339_966.jpg,0.2
0830_20151121_205053_287.jpg,0.2
0155_20160927_151322_855.jpg,-0.4
4WBR_20150501_182815_157.jpg,0.3
J6ZC_20150408_181019_044.jpg,0.1
0155_20160819_205954_838.jpg,0.6
6FHF_20150331_114842_635.jpg,-0.4
J6ZC_20150408_180542_401.jpg,-0.4
0919_20150906_174229_381.jpg,-0.6
1125_20160312_161508_367.jpg,0.8
6G7M_20150321_125334_875.jpg,0.2
33TJ_20150812_141216_572.jpg,0.1
0006_20160722_163758_882.jpg,-0.3
0043_20161007_091239_554.jpg,0.2
4KK2_20150906_174622_301.jpg,0.2
bee7_20150818_113723_879.jpg,-0.3
0830_20151121_134712_827.jpg,-0.2
6FHF_20150303_113536_510.jpg,-0.4
0543_20150918_143654_450.jpg,0.2
33TJ_20150721_140649_708.jpg,-0.4
0543_20150917_131359_464.jpg,0.1
5a9e_20150403_152454_995.jpg,0.2
4WBR_20150501_125355_060.jpg,0.4
9bf4_20150824_211843_060.jpg,-0.4
5a9e_20141006_105345_373.jpg,0.6
33TJ_20150613_095013_546.jpg,0.2
0030_20151212_120927_758.jpg,0.2
33TJ_20150616_172456_439.jpg,-0.4
4742_20151129_121502_850.jpg,0.3
0043_20160826_124749_306.jpg,0.6
4KK2_20150814_140301_424.jpg,-0.2
0382_20150919_153925_792.jpg,-0.4
33TJ_20150810_194334_766.jpg,-1.8
5a9e_20150207_134650_962.jpg,0.2
33TJ_20150616_221237_561.jpg,-1.8
0043_20160917_132650_975.jpg,0.6
c1b1_20150311_195432_970.jpg,0.2
6G7M_20150325_090508_481.jpg,0.2
0919_20150905_101129_901.jpg,0.2
5a9e_20141009_133737_056.jpg,0.8
0382_20150916_200110_265.jpg,0.1
1125_20151229_192447_145.jpg,0.3
0043_20160825_103024_907.jpg,-0.2
c1b1_20150424_203526_981.jpg,0.4
5066_20160416_131010_485.jpg,0.1
6FHF_20150303_113910_619.jpg,-0.7
0009_20160712_114501_371.jpg,0.6
1125_20151226_191658_702.jpg,0.3
0127_20161112_142555_963.jpg,-0.3
5066_20160504_181920_148.jpg,0.1
c1b1_20150115_172542_156.jpg,0.4
33TJ_20150614_020949_749.jpg,-2.0
4KK2_20150906_175449_867.jpg,-0.3
0155_20160904_091143_801.jpg,-0.8
0039_20141008_134647_698.jpg,0.4
5a9e_20150328_092827_919.jpg,-0.2
0043_20161006_105622_170.jpg,0.2
33TJ_20150820_180308_043.jpg,-0.6
0006_20160722_101752_239.jpg,-1.3
9bf4_20150818_114403_374.jpg,0.4
0039_20141007_191809_800.jpg,-0.8
0244_20151010_120104_248.jpg,0.4
33TJ_20150822_190219_015.jpg,-1.4
0127_20161030_122722_988.jpg,0.3
0272_20151215_234149_133.jpg,-2.8
4KK2_20150808_193249_456.jpg,-0.9
5a9e_20141007_071115_671.jpg,-0.2
JN34_20150328_172829_127.jpg,0.6
0919_20150904_154303_908.jpg,0.6
47L8_20150517_154354_267.jpg,0.2
0043_20161006_163108_263.jpg,-0.2
9bf4_20150818_110209_412.jpg,0.3
1125_20151201_113111_035.jpg,-1.0
0009_20160702_112904_038.jpg,0.1
5a9e_20150328_164116_926.jpg,0.6
6G7M_20150321_140543_053.jpg,0.1
J6ZC_20150408_151923_483.jpg,0.2
33TJ_20150721_094859_877.jpg,-2.8
0830_20151121_144306_391.jpg,0.2
0037_20160716_143743_050.jpg,0.4
0272_20160521_144543_267.jpg,0.1
0039_20141008_110200_241.jpg,0.6
33TJ_20150723_205413_646.jpg,-0.8
0919_20150907_114504_542.jpg,-0.6
6G7M_20150307_135224_980.jpg,0.1
0155_20160910_120155_951.jpg,-1.0
0155_20160927_161616_053.jpg,-1.0
0382_20150919_135426_789.jpg,0.4
0080_20141031_200527_141.jpg,-1.8
bee7_20150818_172558_552.jpg,-1.6
6G7M_20150321_145749_377.jpg,0.2
